date,game,value,distance,made,score
"Oct 30, 2002", WAS at TOR,2,7,Missed,11-20
"Oct 30, 2002", WAS at TOR,2,15,Made,16-20
"Oct 30, 2002", WAS at TOR,2,15,Missed,16-22
"Oct 30, 2002", WAS at TOR,2,15,Missed,16-24
"Oct 30, 2002", WAS at TOR,2,18,Made,28-38
"Oct 30, 2002", WAS at TOR,2,11,Made,30-39
"Oct 30, 2002", WAS at TOR,2,15,Missed,32-43
"Oct 30, 2002", WAS at TOR,2,11,Made,34-43
"Oct 30, 2002", WAS at TOR,2,18,Missed,43-54
"Oct 30, 2002", WAS at TOR,2,13,Missed,43-54
"Oct 30, 2002", WAS at TOR,2,13,Missed,47-59
"Oct 30, 2002", WAS at TOR,2,14,Missed,47-63
"Oct 30, 2002", WAS at TOR,2,10,Missed,50-63
"Oct 30, 2002", WAS at TOR,2,0,Missed,58-70
"Oct 31, 2002", WAS vs BOS,2,18,Missed,10-14
"Oct 31, 2002", WAS vs BOS,2,15,Made,16-16
"Oct 31, 2002", WAS vs BOS,2,4,Missed,18-21
"Oct 31, 2002", WAS vs BOS,2,15,Missed,18-21
"Oct 31, 2002", WAS vs BOS,2,1,Made,29-21
"Oct 31, 2002", WAS vs BOS,2,20,Missed,30-24
"Oct 31, 2002", WAS vs BOS,2,18,Made,32-24
"Oct 31, 2002", WAS vs BOS,2,18,Missed,41-32
"Oct 31, 2002", WAS vs BOS,2,16,Made,47-36
"Oct 31, 2002", WAS vs BOS,2,21,Made,58-40
"Oct 31, 2002", WAS vs BOS,2,15,Made,81-56
"Oct 31, 2002", WAS vs BOS,2,18,Made,83-56
"Oct 31, 2002", WAS vs BOS,2,19,Made,85-58
"Oct 31, 2002", WAS vs BOS,2,19,Missed,85-62
"Oct 31, 2002", WAS vs BOS,2,16,Missed,87-64
"Nov 2, 2002", WAS vs NJN,2,18,Made,10-14
"Nov 2, 2002", WAS vs NJN,2,17,Missed,13-16
"Nov 2, 2002", WAS vs NJN,2,16,Missed,13-18
"Nov 2, 2002", WAS vs NJN,2,17,Made,15-18
"Nov 2, 2002", WAS vs NJN,3,25,Missed,15-18
"Nov 2, 2002", WAS vs NJN,2,22,Made,17-22
"Nov 2, 2002", WAS vs NJN,2,15,Missed,19-22
"Nov 2, 2002", WAS vs NJN,2,14,Missed,43-50
"Nov 2, 2002", WAS vs NJN,2,19,Missed,48-55
"Nov 2, 2002", WAS vs NJN,2,16,Missed,55-59
"Nov 2, 2002", WAS vs NJN,2,16,Made,57-59
"Nov 2, 2002", WAS vs NJN,2,19,Made,65-72
"Nov 2, 2002", WAS vs NJN,2,15,Missed,68-78
"Nov 2, 2002", WAS vs NJN,2,15,Missed,68-78
"Nov 2, 2002", WAS vs NJN,2,14,Made,72-81
"Nov 2, 2002", WAS vs NJN,3,26,Made,75-81
"Nov 5, 2002", WAS at MIN,2,20,Missed,13-13
"Nov 5, 2002", WAS at MIN,2,22,Made,21-21
"Nov 5, 2002", WAS at MIN,2,21,Missed,21-23
"Nov 5, 2002", WAS at MIN,2,17,Missed,23-27
"Nov 5, 2002", WAS at MIN,2,0,Made,25-27
"Nov 5, 2002", WAS at MIN,2,0,Missed,65-57
"Nov 5, 2002", WAS at MIN,2,8,Made,67-57
"Nov 5, 2002", WAS at MIN,2,21,Made,69-57
"Nov 5, 2002", WAS at MIN,2,19,Missed,69-57
"Nov 5, 2002", WAS at MIN,2,13,Made,75-63
"Nov 5, 2002", WAS at MIN,2,20,Missed,79-72
"Nov 5, 2002", WAS at MIN,2,10,Missed,84-85
"Nov 5, 2002", WAS at MIN,2,0,Missed,84-85
"Nov 5, 2002", WAS at MIN,2,11,Missed,84-89
"Nov 6, 2002", WAS vs CLE,2,16,Missed,19-7
"Nov 6, 2002", WAS vs CLE,3,26,Missed,28-13
"Nov 6, 2002", WAS vs CLE,2,18,Missed,30-15
"Nov 6, 2002", WAS vs CLE,2,3,Missed,32-17
"Nov 6, 2002", WAS vs CLE,2,16,Made,75-66
"Nov 6, 2002", WAS vs CLE,2,0,Made,85-68
"Nov 8, 2002", WAS vs LAL,2,19,Made,16-12
"Nov 8, 2002", WAS vs LAL,2,16,Made,25-16
"Nov 8, 2002", WAS vs LAL,2,17,Missed,31-25
"Nov 8, 2002", WAS vs LAL,2,19,Made,33-27
"Nov 8, 2002", WAS vs LAL,2,18,Made,45-38
"Nov 8, 2002", WAS vs LAL,2,14,Made,49-38
"Nov 8, 2002", WAS vs LAL,2,19,Missed,49-40
"Nov 8, 2002", WAS vs LAL,2,15,Made,64-53
"Nov 8, 2002", WAS vs LAL,2,12,Made,76-63
"Nov 8, 2002", WAS vs LAL,2,7,Made,82-65
"Nov 8, 2002", WAS vs LAL,2,17,Missed,82-68
"Nov 8, 2002", WAS vs LAL,2,23,Made,86-72
"Nov 8, 2002", WAS vs LAL,2,13,Missed,86-74
"Nov 8, 2002", WAS vs LAL,2,17,Missed,88-78
"Nov 9, 2002", WAS at CLE,2,8,Missed,18-17
"Nov 9, 2002", WAS at CLE,2,2,Missed,20-19
"Nov 9, 2002", WAS at CLE,2,14,Missed,35-36
"Nov 9, 2002", WAS at CLE,2,6,Made,39-36
"Nov 9, 2002", WAS at CLE,2,15,Made,69-59
"Nov 9, 2002", WAS at CLE,3,23,Missed,73-61
"Nov 9, 2002", WAS at CLE,2,16,Made,75-64
"Nov 9, 2002", WAS at CLE,2,16,Made,77-64
"Nov 9, 2002", WAS at CLE,2,22,Missed,77-64
"Nov 9, 2002", WAS at CLE,2,16,Missed,83-73
"Nov 9, 2002", WAS at CLE,2,2,Made,85-75
"Nov 12, 2002", WAS vs SEA,2,17,Made,24-17
"Nov 12, 2002", WAS vs SEA,2,17,Missed,24-19
"Nov 12, 2002", WAS vs SEA,2,14,Made,26-21
"Nov 12, 2002", WAS vs SEA,2,10,Made,28-23
"Nov 12, 2002", WAS vs SEA,2,15,Missed,28-25
"Nov 12, 2002", WAS vs SEA,2,17,Made,39-31
"Nov 12, 2002", WAS vs SEA,2,12,Missed,46-44
"Nov 12, 2002", WAS vs SEA,2,16,Made,50-46
"Nov 12, 2002", WAS vs SEA,2,17,Missed,50-55
"Nov 12, 2002", WAS vs SEA,2,16,Missed,50-58
"Nov 12, 2002", WAS vs SEA,2,11,Made,60-74
"Nov 12, 2002", WAS vs SEA,2,3,Missed,65-80
"Nov 12, 2002", WAS vs SEA,2,15,Made,67-80
"Nov 12, 2002", WAS vs SEA,2,19,Missed,71-82
"Nov 12, 2002", WAS vs SEA,2,15,Made,75-82
"Nov 12, 2002", WAS vs SEA,2,11,Missed,75-82
"Nov 12, 2002", WAS vs SEA,2,9,Made,83-91
"Nov 12, 2002", WAS vs SEA,2,19,Missed,83-91
"Nov 12, 2002", WAS vs SEA,2,1,Made,88-91
"Nov 12, 2002", WAS vs SEA,2,10,Made,90-91
"Nov 12, 2002", WAS vs SEA,2,10,Made,92-93
"Nov 12, 2002", WAS vs SEA,2,12,Made,95-97
"Nov 14, 2002", WAS vs UTA,2,13,Made,15-8
"Nov 14, 2002", WAS vs UTA,2,10,Made,34-19
"Nov 14, 2002", WAS vs UTA,2,15,Made,36-19
"Nov 14, 2002", WAS vs UTA,2,22,Missed,36-19
"Nov 14, 2002", WAS vs UTA,2,13,Missed,36-19
"Nov 14, 2002", WAS vs UTA,2,17,Made,38-21
"Nov 14, 2002", WAS vs UTA,2,14,Missed,44-31
"Nov 14, 2002", WAS vs UTA,2,15,Made,46-33
"Nov 14, 2002", WAS vs UTA,3,36,Missed,48-40
"Nov 14, 2002", WAS vs UTA,2,7,Missed,63-60
"Nov 14, 2002", WAS vs UTA,2,2,Missed,65-64
"Nov 14, 2002", WAS vs UTA,2,13,Missed,70-67
"Nov 14, 2002", WAS vs UTA,2,13,Missed,76-81
"Nov 14, 2002", WAS vs UTA,2,0,Made,94-92
"Nov 14, 2002", WAS vs UTA,2,0,Made,97-92
"Nov 14, 2002", WAS vs UTA,2,15,Missed,97-94
"Nov 14, 2002", WAS vs UTA,2,5,Missed,99-96
"Nov 16, 2002", WAS vs MIA,2,12,Made,13-4
"Nov 16, 2002", WAS vs MIA,2,18,Made,15-6
"Nov 16, 2002", WAS vs MIA,2,17,Made,28-14
"Nov 16, 2002", WAS vs MIA,2,12,Made,77-51
"Nov 16, 2002", WAS vs MIA,2,11,Missed,83-59
"Nov 17, 2002", WAS at PHI,2,20,Made,18-13
"Nov 17, 2002", WAS at PHI,2,17,Made,22-15
"Nov 17, 2002", WAS at PHI,2,13,Missed,22-19
"Nov 17, 2002", WAS at PHI,2,16,Missed,24-24
"Nov 17, 2002", WAS at PHI,2,18,Made,26-24
"Nov 17, 2002", WAS at PHI,2,14,Made,28-28
"Nov 17, 2002", WAS at PHI,2,12,Missed,28-28
"Nov 17, 2002", WAS at PHI,2,14,Made,30-30
"Nov 17, 2002", WAS at PHI,2,16,Missed,30-34
"Nov 17, 2002", WAS at PHI,2,18,Made,55-66
"Nov 17, 2002", WAS at PHI,2,17,Made,57-66
"Nov 17, 2002", WAS at PHI,3,28,Made,68-75
"Nov 17, 2002", WAS at PHI,2,19,Made,73-77
"Nov 17, 2002", WAS at PHI,2,14,Missed,78-88
"Nov 17, 2002", WAS at PHI,2,10,Missed,78-90
"Nov 22, 2002", WAS at HOU,2,18,Made,15-12
"Nov 22, 2002", WAS at HOU,2,23,Missed,21-22
"Nov 22, 2002", WAS at HOU,2,21,Missed,21-22
"Nov 22, 2002", WAS at HOU,2,12,Missed,24-26
"Nov 22, 2002", WAS at HOU,2,21,Missed,25-30
"Nov 22, 2002", WAS at HOU,2,18,Made,53-52
"Nov 22, 2002", WAS at HOU,2,22,Missed,53-56
"Nov 22, 2002", WAS at HOU,2,20,Missed,53-60
"Nov 22, 2002", WAS at HOU,2,15,Made,63-77
"Nov 22, 2002", WAS at HOU,2,11,Made,65-79
"Nov 22, 2002", WAS at HOU,2,21,Missed,65-79
"Nov 22, 2002", WAS at HOU,2,20,Missed,76-87
"Nov 22, 2002", WAS at HOU,2,10,Missed,78-91
"Nov 22, 2002", WAS at HOU,2,18,Missed,78-91
"Nov 22, 2002", WAS at HOU,2,12,Missed,86-92
"Nov 23, 2002", WAS at MEM,2,21,Made,13-14
"Nov 23, 2002", WAS at MEM,2,20,Made,15-16
"Nov 23, 2002", WAS at MEM,2,18,Missed,17-18
"Nov 23, 2002", WAS at MEM,2,18,Made,19-20
"Nov 23, 2002", WAS at MEM,2,19,Missed,23-26
"Nov 23, 2002", WAS at MEM,2,0,Missed,34-38
"Nov 23, 2002", WAS at MEM,2,0,Missed,51-50
"Nov 23, 2002", WAS at MEM,2,17,Missed,51-52
"Nov 23, 2002", WAS at MEM,2,13,Made,53-56
"Nov 23, 2002", WAS at MEM,2,15,Missed,53-56
"Nov 23, 2002", WAS at MEM,2,0,Made,57-64
"Nov 23, 2002", WAS at MEM,2,21,Made,62-66
"Nov 23, 2002", WAS at MEM,2,19,Made,64-68
"Nov 23, 2002", WAS at MEM,2,20,Made,66-70
"Nov 23, 2002", WAS at MEM,2,18,Missed,68-73
"Nov 23, 2002", WAS at MEM,2,0,Made,72-73
"Nov 23, 2002", WAS at MEM,2,14,Missed,74-79
"Nov 23, 2002", WAS at MEM,2,14,Missed,74-83
"Nov 26, 2002", WAS vs IND,2,20,Missed,6-10
"Nov 26, 2002", WAS vs IND,2,18,Missed,6-12
"Nov 26, 2002", WAS vs IND,2,11,Missed,10-21
"Nov 26, 2002", WAS vs IND,2,19,Made,12-23
"Nov 26, 2002", WAS vs IND,2,1,Made,14-25
"Nov 26, 2002", WAS vs IND,2,19,Missed,21-25
"Nov 26, 2002", WAS vs IND,2,18,Missed,23-32
"Nov 26, 2002", WAS vs IND,2,15,Made,29-42
"Nov 26, 2002", WAS vs IND,3,25,Made,32-42
"Nov 26, 2002", WAS vs IND,2,20,Missed,40-55
"Nov 26, 2002", WAS vs IND,2,1,Made,42-55
"Nov 26, 2002", WAS vs IND,2,11,Made,44-61
"Nov 26, 2002", WAS vs IND,3,25,Made,47-63
"Nov 26, 2002", WAS vs IND,2,22,Made,57-67
"Nov 26, 2002", WAS vs IND,3,24,Made,68-71
"Nov 26, 2002", WAS vs IND,2,17,Missed,68-71
"Nov 26, 2002", WAS vs IND,2,20,Missed,68-71
"Nov 26, 2002", WAS vs IND,2,14,Missed,70-74
"Nov 26, 2002", WAS vs IND,2,4,Missed,76-79
"Nov 26, 2002", WAS vs IND,2,16,Missed,76-81
"Nov 26, 2002", WAS vs IND,2,18,Made,80-83
"Nov 29, 2002", WAS at IND,2,17,Made,21-14
"Nov 29, 2002", WAS at IND,2,17,Missed,23-19
"Nov 29, 2002", WAS at IND,2,13,Made,29-26
"Nov 29, 2002", WAS at IND,2,17,Made,31-30
"Nov 29, 2002", WAS at IND,2,22,Missed,33-32
"Nov 29, 2002", WAS at IND,2,19,Missed,33-32
"Nov 29, 2002", WAS at IND,2,19,Made,55-43
"Nov 29, 2002", WAS at IND,2,20,Missed,55-45
"Nov 29, 2002", WAS at IND,3,26,Missed,55-47
"Nov 29, 2002", WAS at IND,2,16,Made,66-65
"Nov 29, 2002", WAS at IND,2,18,Made,68-67
"Nov 29, 2002", WAS at IND,2,9,Missed,70-76
"Nov 29, 2002", WAS at IND,2,17,Missed,73-80
"Nov 29, 2002", WAS at IND,2,17,Missed,73-82
"Nov 29, 2002", WAS at IND,2,20,Missed,77-86
"Nov 30, 2002", WAS vs PHI,2,19,Made,4-0
"Nov 30, 2002", WAS vs PHI,2,15,Missed,10-5
"Nov 30, 2002", WAS vs PHI,2,13,Missed,14-7
"Nov 30, 2002", WAS vs PHI,2,14,Made,16-7
"Nov 30, 2002", WAS vs PHI,2,3,Made,18-9
"Nov 30, 2002", WAS vs PHI,2,10,Missed,25-20
"Nov 30, 2002", WAS vs PHI,2,8,Missed,25-20
"Nov 30, 2002", WAS vs PHI,2,15,Missed,29-28
"Nov 30, 2002", WAS vs PHI,2,12,Made,31-30
"Nov 30, 2002", WAS vs PHI,2,11,Made,40-36
"Nov 30, 2002", WAS vs PHI,2,13,Missed,44-38
"Nov 30, 2002", WAS vs PHI,3,25,Missed,44-40
"Nov 30, 2002", WAS vs PHI,2,16,Made,48-44
"Nov 30, 2002", WAS vs PHI,2,17,Missed,58-58
"Nov 30, 2002", WAS vs PHI,3,26,Missed,70-74
"Nov 30, 2002", WAS vs PHI,2,20,Made,76-79
"Nov 30, 2002", WAS vs PHI,2,18,Missed,76-83
"Nov 30, 2002", WAS vs PHI,2,19,Missed,80-85
"Nov 30, 2002", WAS vs PHI,2,18,Missed,83-87
"Nov 30, 2002", WAS vs PHI,2,3,Made,90-93
"Dec 3, 2002", WAS vs MIL,2,19,Missed,2-2
"Dec 3, 2002", WAS vs MIL,2,3,Missed,15-10
"Dec 3, 2002", WAS vs MIL,2,18,Made,26-23
"Dec 3, 2002", WAS vs MIL,2,13,Made,28-25
"Dec 3, 2002", WAS vs MIL,2,14,Missed,35-27
"Dec 3, 2002", WAS vs MIL,2,2,Made,40-27
"Dec 3, 2002", WAS vs MIL,2,13,Made,44-30
"Dec 3, 2002", WAS vs MIL,2,4,Missed,44-33
"Dec 3, 2002", WAS vs MIL,2,17,Missed,48-36
"Dec 3, 2002", WAS vs MIL,2,16,Missed,48-36
"Dec 3, 2002", WAS vs MIL,2,6,Made,54-36
"Dec 3, 2002", WAS vs MIL,2,4,Missed,54-38
"Dec 3, 2002", WAS vs MIL,2,19,Made,58-39
"Dec 3, 2002", WAS vs MIL,2,3,Missed,58-40
"Dec 3, 2002", WAS vs MIL,2,3,Missed,61-45
"Dec 3, 2002", WAS vs MIL,2,16,Missed,67-51
"Dec 3, 2002", WAS vs MIL,2,3,Made,69-51
"Dec 3, 2002", WAS vs MIL,2,12,Missed,69-51
"Dec 3, 2002", WAS vs MIL,2,17,Made,85-60
"Dec 3, 2002", WAS vs MIL,2,1,Made,87-60
"Dec 4, 2002", WAS at DET,2,16,Missed,2-4
"Dec 4, 2002", WAS at DET,2,14,Made,7-6
"Dec 4, 2002", WAS at DET,2,17,Missed,7-6
"Dec 4, 2002", WAS at DET,2,0,Made,9-6
"Dec 4, 2002", WAS at DET,2,17,Missed,9-8
"Dec 4, 2002", WAS at DET,2,15,Missed,11-10
"Dec 4, 2002", WAS at DET,2,0,Missed,13-11
"Dec 4, 2002", WAS at DET,2,12,Missed,15-14
"Dec 4, 2002", WAS at DET,2,0,Missed,22-26
"Dec 4, 2002", WAS at DET,2,15,Missed,23-26
"Dec 4, 2002", WAS at DET,2,13,Made,32-28
"Dec 4, 2002", WAS at DET,2,14,Made,36-34
"Dec 4, 2002", WAS at DET,2,17,Missed,36-34
"Dec 4, 2002", WAS at DET,2,20,Made,63-65
"Dec 6, 2002", WAS at ORL,2,17,Missed,2-0
"Dec 6, 2002", WAS at ORL,2,0,Made,6-3
"Dec 6, 2002", WAS at ORL,2,0,Missed,8-3
"Dec 6, 2002", WAS at ORL,2,18,Missed,8-8
"Dec 6, 2002", WAS at ORL,2,19,Made,12-12
"Dec 6, 2002", WAS at ORL,2,20,Missed,15-18
"Dec 6, 2002", WAS at ORL,2,13,Missed,15-18
"Dec 6, 2002", WAS at ORL,2,18,Missed,15-18
"Dec 6, 2002", WAS at ORL,2,18,Missed,27-29
"Dec 6, 2002", WAS at ORL,2,15,Missed,27-39
"Dec 6, 2002", WAS at ORL,2,0,Made,29-39
"Dec 6, 2002", WAS at ORL,2,11,Missed,31-41
"Dec 6, 2002", WAS at ORL,2,16,Missed,35-47
"Dec 6, 2002", WAS at ORL,2,15,Missed,36-57
"Dec 6, 2002", WAS at ORL,2,0,Made,43-61
"Dec 6, 2002", WAS at ORL,2,16,Missed,43-61
"Dec 6, 2002", WAS at ORL,2,0,Made,47-66
"Dec 6, 2002", WAS at ORL,2,18,Made,51-66
"Dec 6, 2002", WAS at ORL,2,0,Missed,51-66
"Dec 6, 2002", WAS at ORL,2,17,Missed,62-73
"Dec 6, 2002", WAS at ORL,2,17,Made,77-84
"Dec 7, 2002", WAS vs NYK,2,15,Made,2-0
"Dec 7, 2002", WAS vs NYK,2,15,Missed,2-2
"Dec 7, 2002", WAS vs NYK,2,15,Missed,5-6
"Dec 7, 2002", WAS vs NYK,2,15,Missed,29-26
"Dec 7, 2002", WAS vs NYK,2,18,Made,33-26
"Dec 7, 2002", WAS vs NYK,2,17,Made,35-28
"Dec 7, 2002", WAS vs NYK,2,18,Made,37-30
"Dec 7, 2002", WAS vs NYK,2,20,Made,41-32
"Dec 7, 2002", WAS vs NYK,2,2,Made,45-35
"Dec 7, 2002", WAS vs NYK,2,19,Made,58-49
"Dec 7, 2002", WAS vs NYK,3,26,Missed,72-53
"Dec 7, 2002", WAS vs NYK,2,19,Missed,74-59
"Dec 7, 2002", WAS vs NYK,2,19,Missed,78-62
"Dec 7, 2002", WAS vs NYK,2,14,Missed,82-75
"Dec 7, 2002", WAS vs NYK,2,1,Made,88-77
"Dec 7, 2002", WAS vs NYK,2,21,Made,92-81
"Dec 7, 2002", WAS vs NYK,2,7,Missed,92-88
"Dec 7, 2002", WAS vs NYK,2,16,Missed,92-88
"Dec 10, 2002", WAS vs POR,2,18,Made,4-6
"Dec 10, 2002", WAS vs POR,2,17,Missed,8-12
"Dec 10, 2002", WAS vs POR,2,10,Made,26-41
"Dec 10, 2002", WAS vs POR,2,22,Made,30-45
"Dec 10, 2002", WAS vs POR,2,15,Missed,30-45
"Dec 10, 2002", WAS vs POR,2,20,Made,34-47
"Dec 10, 2002", WAS vs POR,2,2,Made,49-63
"Dec 10, 2002", WAS vs POR,2,18,Missed,49-65
"Dec 10, 2002", WAS vs POR,2,6,Made,51-69
"Dec 10, 2002", WAS vs POR,2,18,Missed,53-73
"Dec 13, 2002", WAS at NJN,2,16,Missed,0-0
"Dec 13, 2002", WAS at NJN,2,19,Missed,0-0
"Dec 13, 2002", WAS at NJN,2,10,Made,2-0
"Dec 13, 2002", WAS at NJN,2,17,Missed,4-6
"Dec 13, 2002", WAS at NJN,2,0,Missed,8-12
"Dec 13, 2002", WAS at NJN,2,19,Missed,14-24
"Dec 13, 2002", WAS at NJN,2,17,Made,16-24
"Dec 13, 2002", WAS at NJN,2,16,Missed,16-26
"Dec 13, 2002", WAS at NJN,2,0,Made,18-26
"Dec 13, 2002", WAS at NJN,2,18,Missed,18-28
"Dec 13, 2002", WAS at NJN,2,18,Missed,20-34
"Dec 13, 2002", WAS at NJN,2,0,Missed,28-38
"Dec 13, 2002", WAS at NJN,2,10,Made,32-40
"Dec 13, 2002", WAS at NJN,2,12,Missed,32-40
"Dec 13, 2002", WAS at NJN,2,17,Made,55-57
"Dec 13, 2002", WAS at NJN,2,19,Missed,55-61
"Dec 13, 2002", WAS at NJN,2,0,Missed,57-66
"Dec 13, 2002", WAS at NJN,2,18,Missed,61-68
"Dec 13, 2002", WAS at NJN,2,10,Missed,63-68
"Dec 13, 2002", WAS at NJN,2,8,Missed,63-72
"Dec 15, 2002", WAS at TOR,2,18,Missed,2-2
"Dec 15, 2002", WAS at TOR,2,8,Missed,29-24
"Dec 15, 2002", WAS at TOR,2,14,Missed,38-38
"Dec 15, 2002", WAS at TOR,2,11,Missed,44-44
"Dec 15, 2002", WAS at TOR,2,21,Missed,58-54
"Dec 15, 2002", WAS at TOR,2,19,Made,60-56
"Dec 15, 2002", WAS at TOR,2,14,Missed,65-62
"Dec 15, 2002", WAS at TOR,2,14,Missed,79-73
"Dec 15, 2002", WAS at TOR,2,19,Missed,83-76
"Dec 17, 2002", WAS at ATL,2,16,Made,2-0
"Dec 17, 2002", WAS at ATL,2,0,Made,4-2
"Dec 17, 2002", WAS at ATL,2,15,Missed,4-2
"Dec 17, 2002", WAS at ATL,2,16,Made,11-8
"Dec 17, 2002", WAS at ATL,2,19,Missed,22-16
"Dec 17, 2002", WAS at ATL,2,0,Made,46-29
"Dec 17, 2002", WAS at ATL,2,10,Made,48-31
"Dec 17, 2002", WAS at ATL,2,22,Made,52-34
"Dec 17, 2002", WAS at ATL,2,17,Made,54-36
"Dec 17, 2002", WAS at ATL,2,18,Made,62-47
"Dec 17, 2002", WAS at ATL,2,9,Made,68-57
"Dec 17, 2002", WAS at ATL,2,12,Missed,74-64
"Dec 17, 2002", WAS at ATL,2,17,Made,80-67
"Dec 17, 2002", WAS at ATL,2,14,Missed,80-71
"Dec 17, 2002", WAS at ATL,2,22,Missed,95-89
"Dec 17, 2002", WAS at ATL,2,17,Missed,98-89
"Dec 17, 2002", WAS at ATL,2,0,Made,100-89
"Dec 17, 2002", WAS at ATL,2,3,Made,102-95
"Dec 18, 2002", WAS vs MEM,2,19,Missed,2-8
"Dec 18, 2002", WAS vs MEM,2,15,Made,4-8
"Dec 18, 2002", WAS vs MEM,2,13,Made,8-10
"Dec 18, 2002", WAS vs MEM,2,14,Made,10-10
"Dec 18, 2002", WAS vs MEM,2,17,Made,17-12
"Dec 18, 2002", WAS vs MEM,2,19,Made,21-16
"Dec 18, 2002", WAS vs MEM,2,4,Missed,21-18
"Dec 18, 2002", WAS vs MEM,2,19,Made,25-20
"Dec 18, 2002", WAS vs MEM,2,16,Made,27-20
"Dec 18, 2002", WAS vs MEM,3,24,Made,32-22
"Dec 18, 2002", WAS vs MEM,2,22,Missed,32-22
"Dec 18, 2002", WAS vs MEM,3,24,Made,61-40
"Dec 18, 2002", WAS vs MEM,3,24,Missed,63-42
"Dec 18, 2002", WAS vs MEM,2,19,Made,67-46
"Dec 18, 2002", WAS vs MEM,2,17,Missed,69-48
"Dec 18, 2002", WAS vs MEM,2,13,Missed,79-61
"Dec 18, 2002", WAS vs MEM,2,20,Made,83-65
"Dec 18, 2002", WAS vs MEM,2,1,Made,85-70
"Dec 18, 2002", WAS vs MEM,2,17,Missed,99-82
"Dec 18, 2002", WAS vs MEM,2,22,Made,101-82
"Dec 18, 2002", WAS vs MEM,2,18,Missed,101-82
"Dec 18, 2002", WAS vs MEM,2,1,Made,103-84
"Dec 18, 2002", WAS vs MEM,2,18,Missed,112-97
"Dec 21, 2002", WAS at SAS,2,16,Missed,4-5
"Dec 21, 2002", WAS at SAS,2,14,Missed,4-7
"Dec 21, 2002", WAS at SAS,2,17,Made,8-7
"Dec 21, 2002", WAS at SAS,2,2,Made,10-9
"Dec 21, 2002", WAS at SAS,2,19,Missed,13-11
"Dec 21, 2002", WAS at SAS,2,16,Missed,24-20
"Dec 21, 2002", WAS at SAS,2,16,Made,28-21
"Dec 21, 2002", WAS at SAS,2,11,Missed,28-21
"Dec 21, 2002", WAS at SAS,2,15,Missed,30-25
"Dec 21, 2002", WAS at SAS,2,12,Made,41-27
"Dec 21, 2002", WAS at SAS,2,12,Missed,45-35
"Dec 21, 2002", WAS at SAS,2,16,Missed,47-43
"Dec 21, 2002", WAS at SAS,2,4,Made,49-45
"Dec 21, 2002", WAS at SAS,2,17,Missed,55-58
"Dec 21, 2002", WAS at SAS,2,15,Missed,55-60
"Dec 21, 2002", WAS at SAS,2,15,Made,69-71
"Dec 21, 2002", WAS at SAS,2,19,Missed,69-71
"Dec 21, 2002", WAS at SAS,2,16,Made,71-71
"Dec 21, 2002", WAS at SAS,2,12,Made,79-81
"Dec 21, 2002", WAS at SAS,2,14,Missed,81-90
"Dec 23, 2002", WAS at DAL,2,12,Missed,0-0
"Dec 23, 2002", WAS at DAL,2,8,Missed,16-14
"Dec 23, 2002", WAS at DAL,3,25,Made,24-22
"Dec 23, 2002", WAS at DAL,2,17,Missed,24-25
"Dec 23, 2002", WAS at DAL,2,16,Made,38-39
"Dec 23, 2002", WAS at DAL,2,11,Missed,38-39
"Dec 23, 2002", WAS at DAL,2,11,Missed,39-44
"Dec 23, 2002", WAS at DAL,2,0,Made,47-50
"Dec 23, 2002", WAS at DAL,2,18,Made,49-50
"Dec 23, 2002", WAS at DAL,2,8,Missed,49-54
"Dec 23, 2002", WAS at DAL,2,18,Made,57-58
"Dec 23, 2002", WAS at DAL,2,16,Missed,57-60
"Dec 23, 2002", WAS at DAL,2,8,Missed,59-64
"Dec 23, 2002", WAS at DAL,2,18,Missed,65-65
"Dec 23, 2002", WAS at DAL,2,16,Missed,79-84
"Dec 26, 2002", WAS vs DET,3,25,Missed,0-0
"Dec 26, 2002", WAS vs DET,2,18,Made,2-2
"Dec 26, 2002", WAS vs DET,2,17,Made,11-18
"Dec 26, 2002", WAS vs DET,2,19,Missed,11-20
"Dec 26, 2002", WAS vs DET,2,19,Made,17-20
"Dec 26, 2002", WAS vs DET,2,17,Made,34-29
"Dec 26, 2002", WAS vs DET,2,20,Missed,34-31
"Dec 26, 2002", WAS vs DET,2,16,Missed,34-33
"Dec 26, 2002", WAS vs DET,2,14,Made,38-33
"Dec 26, 2002", WAS vs DET,2,4,Missed,40-37
"Dec 26, 2002", WAS vs DET,2,19,Missed,49-41
"Dec 26, 2002", WAS vs DET,2,16,Missed,53-46
"Dec 26, 2002", WAS vs DET,2,20,Missed,55-51
"Dec 26, 2002", WAS vs DET,2,3,Missed,55-53
"Dec 26, 2002", WAS vs DET,2,14,Made,71-69
"Dec 26, 2002", WAS vs DET,2,21,Made,73-77
"Dec 26, 2002", WAS vs DET,2,17,Missed,73-81
"Dec 28, 2002", WAS vs ATL,2,19,Made,2-2
"Dec 28, 2002", WAS vs ATL,2,18,Missed,4-2
"Dec 28, 2002", WAS vs ATL,2,18,Made,32-26
"Dec 28, 2002", WAS vs ATL,3,25,Missed,32-26
"Dec 28, 2002", WAS vs ATL,2,1,Missed,32-26
"Dec 28, 2002", WAS vs ATL,2,13,Missed,36-28
"Dec 28, 2002", WAS vs ATL,2,18,Missed,36-34
"Dec 28, 2002", WAS vs ATL,2,14,Made,40-36
"Dec 28, 2002", WAS vs ATL,2,22,Missed,53-47
"Dec 28, 2002", WAS vs ATL,2,1,Made,55-51
"Dec 30, 2002", WAS at ORL,2,17,Missed,7-14
"Dec 30, 2002", WAS at ORL,2,11,Missed,11-18
"Dec 30, 2002", WAS at ORL,2,15,Missed,13-20
"Dec 30, 2002", WAS at ORL,2,16,Made,28-35
"Dec 30, 2002", WAS at ORL,2,13,Made,32-37
"Dec 30, 2002", WAS at ORL,2,15,Made,34-37
"Dec 30, 2002", WAS at ORL,2,18,Missed,34-38
"Dec 30, 2002", WAS at ORL,2,0,Made,38-50
"Dec 30, 2002", WAS at ORL,2,15,Made,45-55
"Dec 30, 2002", WAS at ORL,2,0,Missed,45-58
"Dec 30, 2002", WAS at ORL,2,20,Missed,47-58
"Dec 30, 2002", WAS at ORL,2,19,Missed,49-58
"Dec 30, 2002", WAS at ORL,2,0,Made,54-60
"Dec 30, 2002", WAS at ORL,2,13,Missed,74-85
"Dec 30, 2002", WAS at ORL,2,0,Made,84-95
"Dec 30, 2002", WAS at ORL,2,16,Missed,84-95
"Dec 30, 2002", WAS at ORL,2,0,Made,89-101
"Dec 31, 2002", WAS vs SAS,2,17,Missed,2-3
"Dec 31, 2002", WAS vs SAS,2,19,Missed,4-10
"Dec 31, 2002", WAS vs SAS,2,2,Missed,10-14
"Dec 31, 2002", WAS vs SAS,2,19,Missed,12-16
"Dec 31, 2002", WAS vs SAS,2,14,Made,20-18
"Dec 31, 2002", WAS vs SAS,2,20,Made,36-39
"Dec 31, 2002", WAS vs SAS,2,1,Made,38-39
"Dec 31, 2002", WAS vs SAS,2,16,Made,42-39
"Dec 31, 2002", WAS vs SAS,2,20,Made,44-39
"Dec 31, 2002", WAS vs SAS,2,20,Missed,50-46
"Dec 31, 2002", WAS vs SAS,2,3,Missed,58-57
"Dec 31, 2002", WAS vs SAS,3,25,Made,62-59
"Dec 31, 2002", WAS vs SAS,2,18,Made,87-81
"Dec 31, 2002", WAS vs SAS,2,11,Missed,89-86
"Dec 31, 2002", WAS vs SAS,2,14,Missed,89-86
"Jan 2, 2003", WAS at CHI,2,19,Made,4-0
"Jan 2, 2003", WAS at CHI,2,19,Missed,6-0
"Jan 2, 2003", WAS at CHI,2,13,Missed,7-2
"Jan 2, 2003", WAS at CHI,2,16,Made,16-13
"Jan 2, 2003", WAS at CHI,3,30,Missed,32-20
"Jan 2, 2003", WAS at CHI,2,17,Made,40-27
"Jan 2, 2003", WAS at CHI,2,7,Missed,42-28
"Jan 2, 2003", WAS at CHI,2,0,Missed,44-28
"Jan 2, 2003", WAS at CHI,2,19,Made,55-37
"Jan 2, 2003", WAS at CHI,2,9,Missed,55-37
"Jan 2, 2003", WAS at CHI,3,25,Missed,75-48
"Jan 4, 2003", WAS vs IND,2,5,Missed,0-0
"Jan 4, 2003", WAS vs IND,2,11,Missed,3-0
"Jan 4, 2003", WAS vs IND,2,10,Made,14-2
"Jan 4, 2003", WAS vs IND,3,23,Made,17-2
"Jan 4, 2003", WAS vs IND,2,2,Made,19-5
"Jan 4, 2003", WAS vs IND,2,16,Made,23-16
"Jan 4, 2003", WAS vs IND,2,4,Made,40-39
"Jan 4, 2003", WAS vs IND,2,18,Made,42-42
"Jan 4, 2003", WAS vs IND,2,20,Missed,51-49
"Jan 4, 2003", WAS vs IND,2,12,Missed,53-56
"Jan 4, 2003", WAS vs IND,2,14,Missed,53-56
"Jan 4, 2003", WAS vs IND,2,17,Missed,57-62
"Jan 4, 2003", WAS vs IND,2,17,Made,65-63
"Jan 4, 2003", WAS vs IND,2,19,Missed,74-78
"Jan 4, 2003", WAS vs IND,2,17,Made,77-78
"Jan 4, 2003", WAS vs IND,2,21,Missed,77-78
"Jan 4, 2003", WAS vs IND,2,18,Made,79-78
"Jan 4, 2003", WAS vs IND,3,27,Made,83-80
"Jan 4, 2003", WAS vs IND,3,26,Made,86-84
"Jan 4, 2003", WAS vs IND,2,1,Made,90-89
"Jan 4, 2003", WAS vs IND,2,17,Made,93-93
"Jan 4, 2003", WAS vs IND,2,20,Missed,95-97
"Jan 4, 2003", WAS vs IND,3,27,Missed,97-97
"Jan 4, 2003", WAS vs IND,2,1,Made,101-101
"Jan 4, 2003", WAS vs IND,2,17,Missed,103-101
"Jan 4, 2003", WAS vs IND,2,15,Missed,105-104
"Jan 6, 2003", WAS at BOS,2,19,Made,5-4
"Jan 6, 2003", WAS at BOS,3,25,Missed,12-15
"Jan 6, 2003", WAS at BOS,2,13,Missed,12-15
"Jan 6, 2003", WAS at BOS,2,12,Made,16-19
"Jan 6, 2003", WAS at BOS,2,17,Missed,16-22
"Jan 6, 2003", WAS at BOS,2,19,Made,31-34
"Jan 6, 2003", WAS at BOS,2,15,Missed,33-34
"Jan 6, 2003", WAS at BOS,2,16,Missed,33-40
"Jan 6, 2003", WAS at BOS,2,15,Missed,33-42
"Jan 6, 2003", WAS at BOS,2,19,Made,35-42
"Jan 6, 2003", WAS at BOS,2,4,Made,41-48
"Jan 6, 2003", WAS at BOS,2,0,Made,45-48
"Jan 6, 2003", WAS at BOS,2,16,Missed,51-59
"Jan 6, 2003", WAS at BOS,2,20,Missed,81-82
"Jan 6, 2003", WAS at BOS,2,1,Missed,81-85
"Jan 6, 2003", WAS at BOS,2,18,Missed,82-89
"Jan 6, 2003", WAS at BOS,3,26,Missed,86-89
"Jan 6, 2003", WAS at BOS,2,16,Made,95-95
"Jan 8, 2003", WAS vs CHI,2,16,Made,2-2
"Jan 8, 2003", WAS vs CHI,2,18,Missed,37-40
"Jan 8, 2003", WAS vs CHI,2,17,Missed,41-42
"Jan 8, 2003", WAS vs CHI,2,19,Made,50-59
"Jan 8, 2003", WAS vs CHI,2,18,Missed,50-59
"Jan 8, 2003", WAS vs CHI,2,12,Made,52-61
"Jan 8, 2003", WAS vs CHI,2,13,Made,54-61
"Jan 8, 2003", WAS vs CHI,2,15,Made,56-61
"Jan 8, 2003", WAS vs CHI,2,20,Missed,60-65
"Jan 8, 2003", WAS vs CHI,2,1,Missed,71-69
"Jan 8, 2003", WAS vs CHI,2,14,Missed,84-82
"Jan 8, 2003", WAS vs CHI,2,13,Missed,93-90
"Jan 8, 2003", WAS vs CHI,2,5,Missed,95-92
"Jan 10, 2003", WAS vs GSW,2,16,Made,6-2
"Jan 10, 2003", WAS vs GSW,2,12,Missed,14-14
"Jan 10, 2003", WAS vs GSW,2,16,Missed,32-28
"Jan 10, 2003", WAS vs GSW,2,17,Made,36-30
"Jan 10, 2003", WAS vs GSW,2,21,Missed,49-48
"Jan 10, 2003", WAS vs GSW,2,10,Missed,51-49
"Jan 10, 2003", WAS vs GSW,2,20,Made,55-53
"Jan 10, 2003", WAS vs GSW,2,0,Made,61-59
"Jan 10, 2003", WAS vs GSW,2,17,Missed,66-64
"Jan 10, 2003", WAS vs GSW,2,3,Made,68-66
"Jan 10, 2003", WAS vs GSW,2,18,Missed,72-68
"Jan 10, 2003", WAS vs GSW,2,14,Made,89-92
"Jan 10, 2003", WAS vs GSW,2,16,Made,93-95
"Jan 10, 2003", WAS vs GSW,2,4,Missed,93-95
"Jan 10, 2003", WAS vs GSW,2,13,Missed,97-100
"Jan 10, 2003", WAS vs GSW,2,16,Missed,99-100
"Jan 10, 2003", WAS vs GSW,2,2,Missed,99-102
"Jan 11, 2003", WAS at NYK,2,6,Made,6-0
"Jan 11, 2003", WAS at NYK,2,19,Missed,6-2
"Jan 11, 2003", WAS at NYK,2,9,Made,8-2
"Jan 11, 2003", WAS at NYK,2,14,Made,10-4
"Jan 11, 2003", WAS at NYK,2,19,Missed,10-4
"Jan 11, 2003", WAS at NYK,2,0,Missed,10-6
"Jan 11, 2003", WAS at NYK,2,14,Missed,17-12
"Jan 11, 2003", WAS at NYK,2,0,Made,19-12
"Jan 11, 2003", WAS at NYK,2,0,Missed,21-17
"Jan 11, 2003", WAS at NYK,2,10,Missed,27-27
"Jan 11, 2003", WAS at NYK,2,15,Missed,39-37
"Jan 11, 2003", WAS at NYK,2,21,Missed,43-37
"Jan 11, 2003", WAS at NYK,2,0,Missed,45-41
"Jan 11, 2003", WAS at NYK,2,0,Missed,59-62
"Jan 11, 2003", WAS at NYK,2,0,Made,61-62
"Jan 11, 2003", WAS at NYK,2,9,Missed,64-64
"Jan 11, 2003", WAS at NYK,2,9,Made,69-67
"Jan 11, 2003", WAS at NYK,2,11,Made,73-67
"Jan 11, 2003", WAS at NYK,2,13,Made,75-69
"Jan 11, 2003", WAS at NYK,2,20,Missed,75-69
"Jan 11, 2003", WAS at NYK,2,0,Missed,75-72
"Jan 11, 2003", WAS at NYK,2,19,Missed,77-74
"Jan 11, 2003", WAS at NYK,2,0,Missed,79-78
"Jan 11, 2003", WAS at NYK,2,7,Missed,79-78
"Jan 11, 2003", WAS at NYK,2,0,Missed,79-78
"Jan 14, 2003", WAS vs TOR,2,14,Made,6-0
"Jan 14, 2003", WAS vs TOR,2,17,Made,8-0
"Jan 14, 2003", WAS vs TOR,2,19,Missed,10-0
"Jan 14, 2003", WAS vs TOR,2,8,Missed,14-4
"Jan 14, 2003", WAS vs TOR,2,12,Missed,14-10
"Jan 14, 2003", WAS vs TOR,2,18,Made,27-22
"Jan 14, 2003", WAS vs TOR,2,18,Missed,29-24
"Jan 14, 2003", WAS vs TOR,2,22,Made,32-24
"Jan 14, 2003", WAS vs TOR,2,1,Made,43-34
"Jan 14, 2003", WAS vs TOR,2,17,Missed,43-36
"Jan 14, 2003", WAS vs TOR,2,18,Missed,43-36
"Jan 14, 2003", WAS vs TOR,2,18,Missed,43-38
"Jan 14, 2003", WAS vs TOR,2,22,Missed,43-40
"Jan 14, 2003", WAS vs TOR,2,8,Missed,45-44
"Jan 14, 2003", WAS vs TOR,2,16,Missed,45-47
"Jan 14, 2003", WAS vs TOR,2,1,Made,47-47
"Jan 14, 2003", WAS vs TOR,2,1,Made,52-49
"Jan 14, 2003", WAS vs TOR,2,21,Missed,56-61
"Jan 14, 2003", WAS vs TOR,2,16,Missed,59-64
"Jan 14, 2003", WAS vs TOR,2,3,Missed,63-67
"Jan 14, 2003", WAS vs TOR,2,12,Missed,66-72
"Jan 14, 2003", WAS vs TOR,2,8,Missed,71-80
"Jan 14, 2003", WAS vs TOR,2,12,Made,73-82
"Jan 16, 2003", WAS vs ORL,2,17,Missed,2-0
"Jan 16, 2003", WAS vs ORL,2,0,Made,4-0
"Jan 16, 2003", WAS vs ORL,2,16,Made,12-5
"Jan 16, 2003", WAS vs ORL,2,7,Made,14-7
"Jan 16, 2003", WAS vs ORL,2,13,Missed,14-9
"Jan 16, 2003", WAS vs ORL,2,16,Made,18-10
"Jan 16, 2003", WAS vs ORL,2,22,Made,24-10
"Jan 16, 2003", WAS vs ORL,2,12,Missed,25-13
"Jan 16, 2003", WAS vs ORL,2,18,Made,27-16
"Jan 16, 2003", WAS vs ORL,2,2,Missed,29-18
"Jan 16, 2003", WAS vs ORL,2,12,Made,33-21
"Jan 16, 2003", WAS vs ORL,2,18,Made,43-32
"Jan 16, 2003", WAS vs ORL,3,26,Missed,43-34
"Jan 16, 2003", WAS vs ORL,2,13,Missed,43-34
"Jan 16, 2003", WAS vs ORL,2,22,Made,47-38
"Jan 16, 2003", WAS vs ORL,2,17,Missed,49-44
"Jan 16, 2003", WAS vs ORL,2,19,Made,51-47
"Jan 16, 2003", WAS vs ORL,2,18,Missed,51-47
"Jan 16, 2003", WAS vs ORL,2,19,Missed,58-58
"Jan 16, 2003", WAS vs ORL,2,3,Missed,68-64
"Jan 16, 2003", WAS vs ORL,2,5,Missed,70-64
"Jan 16, 2003", WAS vs ORL,2,20,Missed,74-69
"Jan 16, 2003", WAS vs ORL,2,19,Made,100-83
"Jan 16, 2003", WAS vs ORL,2,18,Made,104-87
"Jan 16, 2003", WAS vs ORL,2,18,Missed,104-89
"Jan 18, 2003", WAS vs PHI,2,19,Made,2-0
"Jan 18, 2003", WAS vs PHI,2,8,Made,4-2
"Jan 18, 2003", WAS vs PHI,2,18,Missed,6-2
"Jan 18, 2003", WAS vs PHI,2,10,Missed,11-10
"Jan 18, 2003", WAS vs PHI,2,15,Missed,13-22
"Jan 18, 2003", WAS vs PHI,2,19,Made,19-23
"Jan 18, 2003", WAS vs PHI,2,17,Missed,37-38
"Jan 18, 2003", WAS vs PHI,2,18,Missed,39-40
"Jan 18, 2003", WAS vs PHI,2,17,Made,41-47
"Jan 18, 2003", WAS vs PHI,2,15,Made,43-47
"Jan 18, 2003", WAS vs PHI,2,16,Missed,43-47
"Jan 18, 2003", WAS vs PHI,2,10,Missed,47-55
"Jan 18, 2003", WAS vs PHI,2,18,Missed,49-60
"Jan 18, 2003", WAS vs PHI,2,5,Missed,51-62
"Jan 18, 2003", WAS vs PHI,2,16,Made,57-66
"Jan 18, 2003", WAS vs PHI,2,15,Missed,57-66
"Jan 18, 2003", WAS vs PHI,2,20,Made,59-66
"Jan 18, 2003", WAS vs PHI,2,20,Missed,61-71
"Jan 18, 2003", WAS vs PHI,2,18,Missed,61-73
"Jan 18, 2003", WAS vs PHI,2,23,Made,70-80
"Jan 18, 2003", WAS vs PHI,2,20,Made,72-80
"Jan 18, 2003", WAS vs PHI,3,28,Missed,72-80
"Jan 18, 2003", WAS vs PHI,2,15,Made,80-82
"Jan 18, 2003", WAS vs PHI,3,26,Missed,80-86
"Jan 18, 2003", WAS vs PHI,3,25,Missed,80-86
"Jan 20, 2003", WAS vs DEN,2,16,Missed,0-2
"Jan 20, 2003", WAS vs DEN,2,17,Made,2-6
"Jan 20, 2003", WAS vs DEN,2,19,Made,21-26
"Jan 20, 2003", WAS vs DEN,3,25,Missed,25-26
"Jan 20, 2003", WAS vs DEN,2,18,Made,33-34
"Jan 20, 2003", WAS vs DEN,2,19,Missed,33-34
"Jan 20, 2003", WAS vs DEN,2,17,Missed,34-38
"Jan 20, 2003", WAS vs DEN,2,16,Made,38-42
"Jan 20, 2003", WAS vs DEN,3,26,Missed,43-44
"Jan 20, 2003", WAS vs DEN,2,18,Missed,48-48
"Jan 20, 2003", WAS vs DEN,2,2,Missed,52-48
"Jan 20, 2003", WAS vs DEN,2,1,Missed,52-48
"Jan 20, 2003", WAS vs DEN,2,16,Made,62-53
"Jan 20, 2003", WAS vs DEN,2,13,Missed,62-53
"Jan 20, 2003", WAS vs DEN,2,11,Made,68-60
"Jan 20, 2003", WAS vs DEN,2,17,Missed,68-60
"Jan 20, 2003", WAS vs DEN,2,16,Made,74-66
"Jan 20, 2003", WAS vs DEN,2,22,Made,76-66
"Jan 20, 2003", WAS vs DEN,2,2,Made,78-68
"Jan 20, 2003", WAS vs DEN,2,0,Made,82-70
"Jan 20, 2003", WAS vs DEN,2,15,Made,84-70
"Jan 20, 2003", WAS vs DEN,2,0,Missed,87-72
"Jan 22, 2003", WAS at NOH,2,16,Made,6-4
"Jan 22, 2003", WAS at NOH,2,15,Missed,6-4
"Jan 22, 2003", WAS at NOH,2,0,Made,8-6
"Jan 22, 2003", WAS at NOH,2,12,Missed,14-25
"Jan 22, 2003", WAS at NOH,2,15,Missed,14-25
"Jan 22, 2003", WAS at NOH,2,0,Made,24-26
"Jan 22, 2003", WAS at NOH,2,15,Made,26-26
"Jan 22, 2003", WAS at NOH,2,0,Made,28-29
"Jan 22, 2003", WAS at NOH,2,15,Made,41-48
"Jan 22, 2003", WAS at NOH,2,14,Missed,43-50
"Jan 22, 2003", WAS at NOH,2,18,Missed,43-52
"Jan 22, 2003", WAS at NOH,2,14,Missed,43-52
"Jan 22, 2003", WAS at NOH,2,10,Made,45-55
"Jan 22, 2003", WAS at NOH,2,10,Made,49-58
"Jan 22, 2003", WAS at NOH,2,14,Missed,49-60
"Jan 22, 2003", WAS at NOH,2,15,Missed,52-62
"Jan 22, 2003", WAS at NOH,2,15,Missed,54-66
"Jan 22, 2003", WAS at NOH,2,15,Missed,81-95
"Jan 22, 2003", WAS at NOH,2,16,Missed,81-95
"Jan 22, 2003", WAS at NOH,2,15,Missed,85-99
"Jan 22, 2003", WAS at NOH,2,17,Made,92-101
"Jan 24, 2003", WAS at CHI,2,22,Missed,0-0
"Jan 24, 2003", WAS at CHI,2,17,Made,6-7
"Jan 24, 2003", WAS at CHI,2,19,Missed,12-13
"Jan 24, 2003", WAS at CHI,2,15,Missed,17-19
"Jan 24, 2003", WAS at CHI,2,18,Made,21-21
"Jan 24, 2003", WAS at CHI,2,7,Missed,24-25
"Jan 24, 2003", WAS at CHI,2,22,Missed,34-39
"Jan 24, 2003", WAS at CHI,2,15,Missed,49-56
"Jan 24, 2003", WAS at CHI,2,9,Missed,56-63
"Jan 24, 2003", WAS at CHI,2,0,Made,60-67
"Jan 24, 2003", WAS at CHI,2,18,Missed,62-71
"Jan 24, 2003", WAS at CHI,2,15,Missed,80-91
"Jan 24, 2003", WAS at CHI,2,0,Missed,81-91
"Jan 24, 2003", WAS at CHI,2,0,Made,93-97
"Jan 25, 2003", WAS vs MIN,2,4,Made,2-0
"Jan 25, 2003", WAS vs MIN,2,12,Missed,10-4
"Jan 25, 2003", WAS vs MIN,2,16,Missed,10-6
"Jan 25, 2003", WAS vs MIN,2,15,Missed,14-12
"Jan 25, 2003", WAS vs MIN,2,4,Made,27-15
"Jan 25, 2003", WAS vs MIN,2,13,Missed,42-35
"Jan 25, 2003", WAS vs MIN,2,21,Made,54-41
"Jan 25, 2003", WAS vs MIN,2,18,Made,56-43
"Jan 25, 2003", WAS vs MIN,2,15,Missed,58-43
"Jan 25, 2003", WAS vs MIN,2,17,Missed,62-47
"Jan 25, 2003", WAS vs MIN,3,26,Missed,62-53
"Jan 25, 2003", WAS vs MIN,2,15,Made,64-55
"Jan 25, 2003", WAS vs MIN,2,21,Made,69-60
"Jan 25, 2003", WAS vs MIN,2,16,Missed,69-62
"Jan 25, 2003", WAS vs MIN,2,20,Made,74-72
"Jan 25, 2003", WAS vs MIN,2,11,Missed,82-89
"Jan 25, 2003", WAS vs MIN,2,15,Made,86-92
"Jan 25, 2003", WAS vs MIN,2,18,Missed,86-92
"Jan 27, 2003", WAS vs PHO,2,20,Made,10-4
"Jan 27, 2003", WAS vs PHO,2,20,Made,16-10
"Jan 27, 2003", WAS vs PHO,2,18,Made,18-14
"Jan 27, 2003", WAS vs PHO,2,4,Missed,20-17
"Jan 27, 2003", WAS vs PHO,2,3,Made,22-17
"Jan 27, 2003", WAS vs PHO,2,12,Missed,22-19
"Jan 27, 2003", WAS vs PHO,2,19,Made,26-21
"Jan 27, 2003", WAS vs PHO,2,19,Missed,48-37
"Jan 27, 2003", WAS vs PHO,2,15,Made,60-47
"Jan 27, 2003", WAS vs PHO,2,19,Missed,62-49
"Jan 27, 2003", WAS vs PHO,2,13,Made,66-51
"Jan 27, 2003", WAS vs PHO,2,21,Missed,79-71
"Jan 27, 2003", WAS vs PHO,2,20,Made,81-72
"Jan 27, 2003", WAS vs PHO,2,13,Made,89-85
"Jan 29, 2003", WAS at NJN,2,18,Made,2-0
"Jan 29, 2003", WAS at NJN,2,19,Missed,2-2
"Jan 29, 2003", WAS at NJN,2,16,Made,6-6
"Jan 29, 2003", WAS at NJN,2,14,Missed,10-9
"Jan 29, 2003", WAS at NJN,2,0,Made,38-27
"Jan 29, 2003", WAS at NJN,2,15,Missed,38-29
"Jan 29, 2003", WAS at NJN,2,18,Missed,38-29
"Jan 29, 2003", WAS at NJN,2,19,Missed,41-39
"Jan 29, 2003", WAS at NJN,2,18,Made,49-41
"Jan 29, 2003", WAS at NJN,2,18,Missed,49-41
"Jan 29, 2003", WAS at NJN,2,13,Missed,53-46
"Jan 29, 2003", WAS at NJN,2,17,Missed,53-48
"Jan 29, 2003", WAS at NJN,2,11,Missed,53-49
"Jan 29, 2003", WAS at NJN,2,17,Missed,55-53
"Jan 29, 2003", WAS at NJN,2,18,Missed,59-68
"Jan 29, 2003", WAS at NJN,2,0,Missed,59-70
"Jan 30, 2003", WAS at MIL,2,13,Made,4-5
"Jan 30, 2003", WAS at MIL,2,0,Missed,5-7
"Jan 30, 2003", WAS at MIL,2,17,Made,7-9
"Jan 30, 2003", WAS at MIL,2,15,Made,9-11
"Jan 30, 2003", WAS at MIL,2,14,Missed,14-23
"Jan 30, 2003", WAS at MIL,2,15,Missed,14-23
"Jan 30, 2003", WAS at MIL,2,4,Made,35-39
"Jan 30, 2003", WAS at MIL,2,13,Missed,39-41
"Jan 30, 2003", WAS at MIL,2,15,Made,42-43
"Jan 30, 2003", WAS at MIL,2,12,Missed,42-45
"Jan 30, 2003", WAS at MIL,2,15,Made,51-56
"Jan 30, 2003", WAS at MIL,2,18,Made,53-56
"Jan 30, 2003", WAS at MIL,2,15,Missed,57-63
"Jan 30, 2003", WAS at MIL,2,15,Made,60-65
"Jan 30, 2003", WAS at MIL,2,16,Missed,60-65
"Jan 30, 2003", WAS at MIL,2,0,Missed,75-75
"Jan 30, 2003", WAS at MIL,2,13,Made,80-79
"Jan 30, 2003", WAS at MIL,2,13,Missed,82-81
"Jan 30, 2003", WAS at MIL,2,13,Made,84-85
"Jan 30, 2003", WAS at MIL,2,17,Missed,84-87
"Jan 30, 2003", WAS at MIL,2,13,Made,87-89
"Jan 30, 2003", WAS at MIL,2,16,Missed,87-91
"Jan 30, 2003", WAS at MIL,2,16,Missed,87-93
"Jan 30, 2003", WAS at MIL,3,22,Missed,88-93
"Feb 1, 2003", WAS vs NOH,2,2,Made,2-0
"Feb 1, 2003", WAS vs NOH,2,19,Missed,2-2
"Feb 1, 2003", WAS vs NOH,2,1,Made,4-2
"Feb 1, 2003", WAS vs NOH,2,15,Made,8-2
"Feb 1, 2003", WAS vs NOH,2,17,Made,10-2
"Feb 1, 2003", WAS vs NOH,2,12,Missed,12-4
"Feb 1, 2003", WAS vs NOH,2,13,Made,18-10
"Feb 1, 2003", WAS vs NOH,2,14,Missed,18-12
"Feb 1, 2003", WAS vs NOH,2,14,Made,20-12
"Feb 1, 2003", WAS vs NOH,2,20,Missed,28-22
"Feb 1, 2003", WAS vs NOH,2,17,Missed,32-36
"Feb 1, 2003", WAS vs NOH,2,19,Made,36-40
"Feb 1, 2003", WAS vs NOH,2,1,Made,38-42
"Feb 1, 2003", WAS vs NOH,2,19,Made,40-42
"Feb 1, 2003", WAS vs NOH,2,3,Missed,40-44
"Feb 1, 2003", WAS vs NOH,2,18,Missed,43-46
"Feb 1, 2003", WAS vs NOH,2,13,Missed,44-46
"Feb 1, 2003", WAS vs NOH,2,12,Missed,46-51
"Feb 1, 2003", WAS vs NOH,2,17,Made,52-60
"Feb 1, 2003", WAS vs NOH,2,18,Made,54-63
"Feb 1, 2003", WAS vs NOH,2,17,Made,56-63
"Feb 1, 2003", WAS vs NOH,2,15,Made,58-63
"Feb 1, 2003", WAS vs NOH,2,17,Missed,58-66
"Feb 1, 2003", WAS vs NOH,2,1,Made,62-69
"Feb 1, 2003", WAS vs NOH,2,17,Missed,67-74
"Feb 1, 2003", WAS vs NOH,2,21,Made,72-78
"Feb 1, 2003", WAS vs NOH,2,19,Missed,76-82
"Feb 1, 2003", WAS vs NOH,2,1,Made,82-84
"Feb 1, 2003", WAS vs NOH,2,8,Made,89-86
"Feb 1, 2003", WAS vs NOH,2,17,Made,97-88
"Feb 1, 2003", WAS vs NOH,2,16,Missed,97-88
"Feb 1, 2003", WAS vs NOH,2,22,Missed,99-92
"Feb 1, 2003", WAS vs NOH,2,8,Missed,101-96
"Feb 4, 2003", WAS vs CLE,2,5,Made,2-0
"Feb 4, 2003", WAS vs CLE,2,19,Made,4-2
"Feb 4, 2003", WAS vs CLE,2,4,Made,6-2
"Feb 4, 2003", WAS vs CLE,2,8,Missed,9-4
"Feb 4, 2003", WAS vs CLE,2,16,Missed,17-15
"Feb 4, 2003", WAS vs CLE,2,15,Missed,17-15
"Feb 4, 2003", WAS vs CLE,2,11,Made,19-15
"Feb 4, 2003", WAS vs CLE,2,14,Made,24-19
"Feb 4, 2003", WAS vs CLE,2,16,Missed,26-23
"Feb 4, 2003", WAS vs CLE,2,12,Made,41-36
"Feb 4, 2003", WAS vs CLE,2,16,Made,43-40
"Feb 4, 2003", WAS vs CLE,2,17,Made,50-45
"Feb 4, 2003", WAS vs CLE,2,15,Missed,50-45
"Feb 4, 2003", WAS vs CLE,2,15,Missed,52-45
"Feb 4, 2003", WAS vs CLE,2,11,Missed,52-49
"Feb 4, 2003", WAS vs CLE,2,14,Missed,58-52
"Feb 4, 2003", WAS vs CLE,2,13,Missed,58-52
"Feb 4, 2003", WAS vs CLE,2,14,Missed,63-58
"Feb 4, 2003", WAS vs CLE,2,16,Made,65-58
"Feb 4, 2003", WAS vs CLE,2,13,Missed,70-64
"Feb 4, 2003", WAS vs CLE,2,16,Made,75-71
"Feb 4, 2003", WAS vs CLE,2,3,Made,77-71
"Feb 4, 2003", WAS vs CLE,2,18,Missed,77-74
"Feb 4, 2003", WAS vs CLE,2,16,Made,82-76
"Feb 4, 2003", WAS vs CLE,2,16,Made,84-79
"Feb 4, 2003", WAS vs CLE,2,16,Missed,86-79
"Feb 11, 2003", WAS at SAC,2,7,Missed,2-2
"Feb 11, 2003", WAS at SAC,2,17,Made,4-2
"Feb 11, 2003", WAS at SAC,2,17,Made,6-2
"Feb 11, 2003", WAS at SAC,2,18,Missed,6-4
"Feb 11, 2003", WAS at SAC,2,0,Missed,8-6
"Feb 11, 2003", WAS at SAC,2,18,Missed,8-6
"Feb 11, 2003", WAS at SAC,2,6,Made,11-11
"Feb 11, 2003", WAS at SAC,2,0,Made,15-13
"Feb 11, 2003", WAS at SAC,2,20,Missed,19-21
"Feb 11, 2003", WAS at SAC,2,19,Missed,27-35
"Feb 11, 2003", WAS at SAC,2,18,Missed,34-45
"Feb 11, 2003", WAS at SAC,2,0,Missed,37-48
"Feb 11, 2003", WAS at SAC,2,4,Missed,37-50
"Feb 11, 2003", WAS at SAC,2,23,Missed,39-52
"Feb 11, 2003", WAS at SAC,2,12,Missed,44-58
"Feb 11, 2003", WAS at SAC,2,17,Made,46-65
"Feb 11, 2003", WAS at SAC,2,18,Missed,46-65
"Feb 11, 2003", WAS at SAC,2,7,Missed,48-69
"Feb 11, 2003", WAS at SAC,2,22,Missed,50-71
"Feb 12, 2003", WAS at LAC,2,18,Missed,0-0
"Feb 12, 2003", WAS at LAC,2,18,Missed,0-2
"Feb 12, 2003", WAS at LAC,2,11,Missed,0-2
"Feb 12, 2003", WAS at LAC,2,0,Made,2-4
"Feb 12, 2003", WAS at LAC,2,18,Made,11-8
"Feb 12, 2003", WAS at LAC,2,16,Missed,16-12
"Feb 12, 2003", WAS at LAC,2,18,Missed,22-12
"Feb 12, 2003", WAS at LAC,2,14,Missed,37-37
"Feb 12, 2003", WAS at LAC,2,10,Missed,45-39
"Feb 12, 2003", WAS at LAC,2,14,Missed,45-41
"Feb 12, 2003", WAS at LAC,2,19,Missed,51-51
"Feb 12, 2003", WAS at LAC,2,5,Made,53-51
"Feb 12, 2003", WAS at LAC,2,15,Missed,54-53
"Feb 12, 2003", WAS at LAC,2,9,Missed,57-55
"Feb 12, 2003", WAS at LAC,2,11,Made,71-61
"Feb 12, 2003", WAS at LAC,2,15,Made,76-63
"Feb 12, 2003", WAS at LAC,2,16,Made,78-64
"Feb 12, 2003", WAS at LAC,2,21,Made,82-69
"Feb 12, 2003", WAS at LAC,2,14,Made,84-71
"Feb 12, 2003", WAS at LAC,2,14,Missed,91-88
"Feb 12, 2003", WAS at LAC,2,12,Missed,94-90
"Feb 12, 2003", WAS at LAC,2,0,Missed,98-96
"Feb 12, 2003", WAS at LAC,2,5,Missed,103-98
"Feb 12, 2003", WAS at LAC,2,17,Missed,103-98
"Feb 14, 2003", WAS at UTA,2,19,Missed,4-8
"Feb 14, 2003", WAS at UTA,2,16,Missed,4-11
"Feb 14, 2003", WAS at UTA,2,21,Made,6-11
"Feb 14, 2003", WAS at UTA,2,17,Missed,6-11
"Feb 14, 2003", WAS at UTA,2,13,Made,8-11
"Feb 14, 2003", WAS at UTA,2,20,Missed,8-13
"Feb 14, 2003", WAS at UTA,2,20,Missed,9-16
"Feb 14, 2003", WAS at UTA,2,22,Missed,13-24
"Feb 14, 2003", WAS at UTA,2,0,Missed,26-44
"Feb 14, 2003", WAS at UTA,2,0,Made,28-44
"Feb 14, 2003", WAS at UTA,2,17,Missed,29-46
"Feb 14, 2003", WAS at UTA,2,13,Missed,29-54
"Feb 19, 2003", WAS at NOH,2,16,Made,3-4
"Feb 19, 2003", WAS at NOH,2,18,Missed,5-11
"Feb 19, 2003", WAS at NOH,2,0,Missed,5-15
"Feb 19, 2003", WAS at NOH,2,15,Made,7-17
"Feb 19, 2003", WAS at NOH,2,13,Missed,7-22
"Feb 19, 2003", WAS at NOH,2,13,Missed,9-22
"Feb 19, 2003", WAS at NOH,2,0,Made,16-24
"Feb 19, 2003", WAS at NOH,2,0,Missed,16-27
"Feb 19, 2003", WAS at NOH,2,13,Missed,26-30
"Feb 19, 2003", WAS at NOH,2,16,Made,28-30
"Feb 19, 2003", WAS at NOH,2,18,Missed,28-32
"Feb 19, 2003", WAS at NOH,2,0,Missed,32-34
"Feb 19, 2003", WAS at NOH,2,12,Made,38-38
"Feb 19, 2003", WAS at NOH,2,16,Missed,38-41
"Feb 19, 2003", WAS at NOH,2,0,Made,40-41
"Feb 19, 2003", WAS at NOH,2,18,Made,45-48
"Feb 19, 2003", WAS at NOH,2,19,Missed,47-52
"Feb 19, 2003", WAS at NOH,2,10,Missed,50-56
"Feb 19, 2003", WAS at NOH,2,18,Missed,60-65
"Feb 19, 2003", WAS at NOH,2,6,Made,66-69
"Feb 19, 2003", WAS at NOH,2,17,Missed,66-71
"Feb 19, 2003", WAS at NOH,2,0,Missed,69-73
"Feb 19, 2003", WAS at NOH,2,16,Missed,75-86
"Feb 21, 2003", WAS vs NJN,2,19,Missed,0-0
"Feb 21, 2003", WAS vs NJN,2,14,Made,2-4
"Feb 21, 2003", WAS vs NJN,2,1,Made,4-4
"Feb 21, 2003", WAS vs NJN,2,20,Missed,4-4
"Feb 21, 2003", WAS vs NJN,2,1,Made,15-13
"Feb 21, 2003", WAS vs NJN,2,0,Made,17-15
"Feb 21, 2003", WAS vs NJN,2,9,Missed,20-19
"Feb 21, 2003", WAS vs NJN,2,21,Made,28-36
"Feb 21, 2003", WAS vs NJN,2,17,Made,34-36
"Feb 21, 2003", WAS vs NJN,2,19,Missed,34-38
"Feb 21, 2003", WAS vs NJN,2,18,Made,40-44
"Feb 21, 2003", WAS vs NJN,2,14,Made,42-44
"Feb 21, 2003", WAS vs NJN,2,16,Made,46-45
"Feb 21, 2003", WAS vs NJN,2,19,Made,48-47
"Feb 21, 2003", WAS vs NJN,2,21,Made,50-47
"Feb 21, 2003", WAS vs NJN,2,18,Made,52-49
"Feb 21, 2003", WAS vs NJN,2,12,Made,58-54
"Feb 21, 2003", WAS vs NJN,2,20,Missed,58-56
"Feb 21, 2003", WAS vs NJN,2,16,Made,63-60
"Feb 21, 2003", WAS vs NJN,2,19,Missed,63-64
"Feb 21, 2003", WAS vs NJN,2,17,Made,65-66
"Feb 21, 2003", WAS vs NJN,2,13,Missed,65-68
"Feb 21, 2003", WAS vs NJN,2,15,Made,71-68
"Feb 21, 2003", WAS vs NJN,2,20,Made,73-73
"Feb 21, 2003", WAS vs NJN,2,17,Missed,75-73
"Feb 21, 2003", WAS vs NJN,2,18,Missed,77-77
"Feb 21, 2003", WAS vs NJN,2,7,Missed,81-79
"Feb 21, 2003", WAS vs NJN,2,0,Missed,81-82
"Feb 21, 2003", WAS vs NJN,2,17,Missed,81-82
"Feb 21, 2003", WAS vs NJN,2,0,Made,87-86
"Feb 23, 2003", WAS vs DAL,2,20,Missed,2-0
"Feb 23, 2003", WAS vs DAL,2,13,Missed,2-0
"Feb 23, 2003", WAS vs DAL,2,14,Missed,5-2
"Feb 23, 2003", WAS vs DAL,2,4,Missed,7-4
"Feb 23, 2003", WAS vs DAL,2,18,Missed,11-4
"Feb 23, 2003", WAS vs DAL,2,18,Made,13-4
"Feb 23, 2003", WAS vs DAL,2,16,Made,15-4
"Feb 23, 2003", WAS vs DAL,2,14,Made,19-4
"Feb 23, 2003", WAS vs DAL,2,15,Made,21-4
"Feb 23, 2003", WAS vs DAL,2,16,Missed,35-24
"Feb 23, 2003", WAS vs DAL,2,12,Made,40-29
"Feb 23, 2003", WAS vs DAL,2,15,Made,46-40
"Feb 23, 2003", WAS vs DAL,2,0,Missed,46-42
"Feb 23, 2003", WAS vs DAL,2,17,Missed,48-44
"Feb 23, 2003", WAS vs DAL,2,18,Missed,51-50
"Feb 23, 2003", WAS vs DAL,2,16,Made,55-56
"Feb 23, 2003", WAS vs DAL,2,19,Missed,55-58
"Feb 23, 2003", WAS vs DAL,2,19,Made,65-74
"Feb 23, 2003", WAS vs DAL,2,1,Made,72-79
"Feb 23, 2003", WAS vs DAL,2,9,Made,78-86
"Feb 23, 2003", WAS vs DAL,2,1,Made,85-86
"Feb 23, 2003", WAS vs DAL,2,17,Missed,90-90
"Feb 23, 2003", WAS vs DAL,2,18,Missed,90-92
"Feb 23, 2003", WAS vs DAL,2,12,Made,97-97
"Feb 23, 2003", WAS vs DAL,2,14,Made,99-101
"Feb 23, 2003", WAS vs DAL,2,16,Made,101-103
"Feb 25, 2003", WAS at IND,2,17,Missed,0-3
"Feb 25, 2003", WAS at IND,2,14,Made,2-3
"Feb 25, 2003", WAS at IND,2,16,Made,7-3
"Feb 25, 2003", WAS at IND,2,11,Made,15-15
"Feb 25, 2003", WAS at IND,2,18,Made,19-20
"Feb 25, 2003", WAS at IND,2,6,Made,21-20
"Feb 25, 2003", WAS at IND,2,11,Missed,21-20
"Feb 25, 2003", WAS at IND,2,19,Missed,21-22
"Feb 25, 2003", WAS at IND,2,15,Made,27-25
"Feb 25, 2003", WAS at IND,2,15,Missed,29-27
"Feb 25, 2003", WAS at IND,2,19,Missed,29-29
"Feb 25, 2003", WAS at IND,2,13,Made,31-29
"Feb 25, 2003", WAS at IND,2,17,Made,34-33
"Feb 25, 2003", WAS at IND,2,16,Missed,38-36
"Feb 25, 2003", WAS at IND,2,19,Missed,38-36
"Feb 25, 2003", WAS at IND,2,20,Missed,39-38
"Feb 25, 2003", WAS at IND,2,14,Made,47-40
"Feb 25, 2003", WAS at IND,2,12,Missed,49-47
"Feb 25, 2003", WAS at IND,2,18,Missed,54-47
"Feb 25, 2003", WAS at IND,2,18,Made,64-54
"Feb 25, 2003", WAS at IND,2,11,Made,68-58
"Feb 25, 2003", WAS at IND,2,15,Missed,68-60
"Feb 25, 2003", WAS at IND,2,16,Missed,71-69
"Feb 25, 2003", WAS at IND,2,17,Missed,71-71
"Feb 25, 2003", WAS at IND,2,14,Missed,77-74
"Feb 27, 2003", WAS vs HOU,2,15,Made,11-8
"Feb 27, 2003", WAS vs HOU,2,19,Made,15-8
"Feb 27, 2003", WAS vs HOU,2,8,Missed,19-12
"Feb 27, 2003", WAS vs HOU,2,13,Made,21-14
"Feb 27, 2003", WAS vs HOU,2,14,Made,23-14
"Feb 27, 2003", WAS vs HOU,2,17,Made,40-29
"Feb 27, 2003", WAS vs HOU,2,18,Missed,40-30
"Feb 27, 2003", WAS vs HOU,2,18,Made,47-35
"Feb 27, 2003", WAS vs HOU,2,15,Made,53-35
"Feb 27, 2003", WAS vs HOU,2,15,Missed,53-35
"Feb 27, 2003", WAS vs HOU,2,17,Missed,53-35
"Feb 27, 2003", WAS vs HOU,2,9,Missed,59-37
"Feb 27, 2003", WAS vs HOU,2,21,Missed,59-39
"Feb 27, 2003", WAS vs HOU,2,18,Made,61-41
"Feb 27, 2003", WAS vs HOU,2,17,Missed,67-47
"Feb 27, 2003", WAS vs HOU,2,1,Made,73-58
"Feb 27, 2003", WAS vs HOU,2,20,Made,78-64
"Feb 27, 2003", WAS vs HOU,2,17,Missed,80-66
"Feb 27, 2003", WAS vs HOU,2,18,Missed,86-83
"Feb 27, 2003", WAS vs HOU,2,19,Missed,88-88
"Feb 27, 2003", WAS vs HOU,2,3,Made,90-88
"Feb 27, 2003", WAS vs HOU,2,17,Made,92-92
"Feb 27, 2003", WAS vs HOU,2,1,Made,94-92
"Feb 27, 2003", WAS vs HOU,2,10,Made,96-92
"Feb 27, 2003", WAS vs HOU,2,1,Made,98-94
"Feb 27, 2003", WAS vs HOU,2,19,Missed,100-98
"Mar 1, 2003", WAS vs CHI,2,7,Missed,6-3
"Mar 1, 2003", WAS vs CHI,2,16,Made,13-9
"Mar 1, 2003", WAS vs CHI,2,3,Missed,14-13
"Mar 1, 2003", WAS vs CHI,2,13,Made,20-15
"Mar 1, 2003", WAS vs CHI,2,18,Made,24-15
"Mar 1, 2003", WAS vs CHI,3,38,Missed,24-19
"Mar 1, 2003", WAS vs CHI,2,5,Made,34-34
"Mar 1, 2003", WAS vs CHI,2,14,Missed,39-41
"Mar 1, 2003", WAS vs CHI,2,12,Missed,46-50
"Mar 1, 2003", WAS vs CHI,2,13,Missed,49-50
"Mar 1, 2003", WAS vs CHI,2,15,Missed,72-59
"Mar 1, 2003", WAS vs CHI,2,1,Made,79-66
"Mar 1, 2003", WAS vs CHI,3,24,Missed,79-69
"Mar 1, 2003", WAS vs CHI,2,20,Missed,79-71
"Mar 1, 2003", WAS vs CHI,2,12,Made,84-73
"Mar 1, 2003", WAS vs CHI,2,14,Missed,89-80
"Mar 1, 2003", WAS vs CHI,2,19,Missed,89-80
"Mar 1, 2003", WAS vs CHI,2,3,Made,93-80
"Mar 2, 2003", WAS at MIA,2,0,Missed,0-0
"Mar 2, 2003", WAS at MIA,2,0,Made,4-2
"Mar 2, 2003", WAS at MIA,2,19,Missed,6-4
"Mar 2, 2003", WAS at MIA,2,13,Missed,11-10
"Mar 2, 2003", WAS at MIA,2,21,Missed,11-13
"Mar 2, 2003", WAS at MIA,2,0,Missed,11-18
"Mar 2, 2003", WAS at MIA,2,16,Missed,12-18
"Mar 2, 2003", WAS at MIA,2,18,Missed,16-22
"Mar 2, 2003", WAS at MIA,2,15,Made,23-30
"Mar 2, 2003", WAS at MIA,2,16,Made,25-30
"Mar 2, 2003", WAS at MIA,2,17,Missed,25-32
"Mar 2, 2003", WAS at MIA,2,0,Missed,27-32
"Mar 2, 2003", WAS at MIA,2,19,Made,31-38
"Mar 2, 2003", WAS at MIA,2,0,Made,33-42
"Mar 2, 2003", WAS at MIA,2,19,Made,36-42
"Mar 2, 2003", WAS at MIA,2,15,Missed,38-45
"Mar 2, 2003", WAS at MIA,2,0,Missed,43-45
"Mar 2, 2003", WAS at MIA,3,25,Missed,43-45
"Mar 2, 2003", WAS at MIA,2,11,Missed,43-48
"Mar 2, 2003", WAS at MIA,2,16,Made,51-57
"Mar 2, 2003", WAS at MIA,2,17,Missed,57-57
"Mar 2, 2003", WAS at MIA,2,0,Made,61-59
"Mar 2, 2003", WAS at MIA,2,16,Missed,61-59
"Mar 2, 2003", WAS at MIA,2,8,Missed,67-73
"Mar 2, 2003", WAS at MIA,2,0,Made,72-80
"Mar 2, 2003", WAS at MIA,2,12,Missed,72-84
"Mar 2, 2003", WAS at MIA,2,0,Missed,75-86
"Mar 4, 2003", WAS vs TOR,2,11,Made,6-8
"Mar 4, 2003", WAS vs TOR,2,14,Made,10-12
"Mar 4, 2003", WAS vs TOR,2,7,Missed,10-15
"Mar 4, 2003", WAS vs TOR,2,12,Missed,19-24
"Mar 4, 2003", WAS vs TOR,2,15,Missed,36-32
"Mar 5, 2003", WAS vs LAC,2,18,Made,2-2
"Mar 5, 2003", WAS vs LAC,2,17,Made,4-2
"Mar 5, 2003", WAS vs LAC,2,14,Missed,14-12
"Mar 5, 2003", WAS vs LAC,2,19,Missed,14-14
"Mar 5, 2003", WAS vs LAC,2,18,Missed,14-16
"Mar 5, 2003", WAS vs LAC,2,19,Made,18-18
"Mar 5, 2003", WAS vs LAC,2,1,Missed,18-20
"Mar 5, 2003", WAS vs LAC,2,14,Missed,42-35
"Mar 5, 2003", WAS vs LAC,2,14,Missed,46-39
"Mar 5, 2003", WAS vs LAC,2,17,Missed,46-39
"Mar 5, 2003", WAS vs LAC,2,0,Made,48-39
"Mar 5, 2003", WAS vs LAC,2,14,Missed,57-45
"Mar 5, 2003", WAS vs LAC,2,18,Missed,57-45
"Mar 5, 2003", WAS vs LAC,2,15,Missed,65-47
"Mar 7, 2003", WAS vs MIL,2,16,Made,2-4
"Mar 7, 2003", WAS vs MIL,2,12,Made,12-14
"Mar 7, 2003", WAS vs MIL,2,16,Missed,12-14
"Mar 7, 2003", WAS vs MIL,2,9,Made,20-22
"Mar 7, 2003", WAS vs MIL,2,16,Missed,22-24
"Mar 7, 2003", WAS vs MIL,2,18,Made,31-36
"Mar 7, 2003", WAS vs MIL,2,10,Missed,34-36
"Mar 7, 2003", WAS vs MIL,2,21,Made,36-36
"Mar 7, 2003", WAS vs MIL,2,18,Made,38-38
"Mar 7, 2003", WAS vs MIL,2,18,Missed,38-42
"Mar 7, 2003", WAS vs MIL,2,19,Missed,40-44
"Mar 7, 2003", WAS vs MIL,2,19,Made,42-49
"Mar 7, 2003", WAS vs MIL,2,17,Missed,44-53
"Mar 7, 2003", WAS vs MIL,2,14,Made,58-63
"Mar 7, 2003", WAS vs MIL,2,2,Missed,58-63
"Mar 7, 2003", WAS vs MIL,2,13,Missed,59-63
"Mar 7, 2003", WAS vs MIL,2,4,Missed,59-71
"Mar 7, 2003", WAS vs MIL,2,1,Made,64-75
"Mar 7, 2003", WAS vs MIL,2,17,Made,66-77
"Mar 7, 2003", WAS vs MIL,2,9,Missed,69-77
"Mar 7, 2003", WAS vs MIL,2,16,Missed,69-77
"Mar 7, 2003", WAS vs MIL,2,0,Made,75-78
"Mar 7, 2003", WAS vs MIL,2,12,Missed,78-83
"Mar 7, 2003", WAS vs MIL,3,26,Missed,82-85
"Mar 9, 2003", WAS at NYK,2,15,Missed,4-11
"Mar 9, 2003", WAS at NYK,2,16,Missed,8-13
"Mar 9, 2003", WAS at NYK,2,16,Made,12-16
"Mar 9, 2003", WAS at NYK,2,8,Missed,15-16
"Mar 9, 2003", WAS at NYK,2,23,Made,17-16
"Mar 9, 2003", WAS at NYK,2,20,Made,21-20
"Mar 9, 2003", WAS at NYK,2,12,Made,30-43
"Mar 9, 2003", WAS at NYK,2,17,Made,32-43
"Mar 9, 2003", WAS at NYK,2,22,Made,34-45
"Mar 9, 2003", WAS at NYK,2,13,Made,36-45
"Mar 9, 2003", WAS at NYK,2,16,Missed,37-47
"Mar 9, 2003", WAS at NYK,2,16,Missed,39-49
"Mar 9, 2003", WAS at NYK,2,19,Made,41-51
"Mar 9, 2003", WAS at NYK,2,16,Made,49-56
"Mar 9, 2003", WAS at NYK,2,20,Missed,61-66
"Mar 9, 2003", WAS at NYK,2,16,Made,66-70
"Mar 9, 2003", WAS at NYK,2,13,Made,76-82
"Mar 9, 2003", WAS at NYK,2,18,Made,78-82
"Mar 9, 2003", WAS at NYK,2,0,Missed,78-90
"Mar 9, 2003", WAS at NYK,2,0,Made,88-95
"Mar 9, 2003", WAS at NYK,2,14,Missed,88-95
"Mar 9, 2003", WAS at NYK,2,16,Missed,88-95
"Mar 11, 2003", WAS vs ORL,2,10,Made,4-3
"Mar 11, 2003", WAS vs ORL,2,0,Made,6-7
"Mar 11, 2003", WAS vs ORL,2,17,Missed,7-8
"Mar 11, 2003", WAS vs ORL,2,15,Missed,9-13
"Mar 11, 2003", WAS vs ORL,2,15,Made,15-15
"Mar 11, 2003", WAS vs ORL,2,2,Made,21-17
"Mar 11, 2003", WAS vs ORL,2,17,Missed,22-19
"Mar 11, 2003", WAS vs ORL,2,10,Made,36-32
"Mar 11, 2003", WAS vs ORL,2,14,Missed,41-37
"Mar 11, 2003", WAS vs ORL,2,16,Missed,47-49
"Mar 11, 2003", WAS vs ORL,2,1,Made,53-51
"Mar 11, 2003", WAS vs ORL,2,22,Missed,54-51
"Mar 11, 2003", WAS vs ORL,2,15,Made,56-51
"Mar 11, 2003", WAS vs ORL,2,11,Missed,63-63
"Mar 11, 2003", WAS vs ORL,2,1,Made,67-63
"Mar 11, 2003", WAS vs ORL,2,0,Made,89-85
"Mar 11, 2003", WAS vs ORL,2,18,Missed,89-87
"Mar 11, 2003", WAS vs ORL,2,1,Made,100-97
"Mar 14, 2003", WAS at DET,2,12,Missed,5-3
"Mar 14, 2003", WAS at DET,2,13,Made,13-20
"Mar 14, 2003", WAS at DET,2,17,Made,15-20
"Mar 14, 2003", WAS at DET,2,0,Made,17-22
"Mar 14, 2003", WAS at DET,2,18,Made,21-27
"Mar 14, 2003", WAS at DET,2,17,Missed,23-29
"Mar 14, 2003", WAS at DET,2,16,Missed,23-32
"Mar 14, 2003", WAS at DET,2,16,Missed,25-32
"Mar 14, 2003", WAS at DET,2,15,Missed,27-35
"Mar 14, 2003", WAS at DET,2,14,Missed,27-41
"Mar 14, 2003", WAS at DET,2,21,Missed,35-46
"Mar 14, 2003", WAS at DET,2,17,Missed,41-56
"Mar 14, 2003", WAS at DET,2,12,Made,47-62
"Mar 14, 2003", WAS at DET,2,16,Made,49-64
"Mar 14, 2003", WAS at DET,2,18,Missed,49-64
"Mar 14, 2003", WAS at DET,2,18,Missed,49-64
"Mar 14, 2003", WAS at DET,2,19,Missed,68-80
"Mar 14, 2003", WAS at DET,2,20,Missed,76-87
"Mar 15, 2003", WAS vs MIA,2,19,Missed,2-2
"Mar 15, 2003", WAS vs MIA,2,19,Missed,3-6
"Mar 15, 2003", WAS vs MIA,2,1,Made,5-8
"Mar 15, 2003", WAS vs MIA,2,5,Made,7-8
"Mar 15, 2003", WAS vs MIA,2,16,Missed,7-10
"Mar 15, 2003", WAS vs MIA,2,1,Made,14-14
"Mar 15, 2003", WAS vs MIA,2,6,Made,17-16
"Mar 15, 2003", WAS vs MIA,2,11,Made,19-16
"Mar 15, 2003", WAS vs MIA,2,10,Made,21-20
"Mar 15, 2003", WAS vs MIA,3,38,Missed,21-20
"Mar 15, 2003", WAS vs MIA,2,18,Made,23-20
"Mar 15, 2003", WAS vs MIA,2,19,Missed,23-20
"Mar 15, 2003", WAS vs MIA,2,14,Missed,23-22
"Mar 15, 2003", WAS vs MIA,2,16,Missed,42-44
"Mar 15, 2003", WAS vs MIA,2,17,Made,74-67
"Mar 15, 2003", WAS vs MIA,2,1,Made,76-67
"Mar 15, 2003", WAS vs MIA,2,3,Missed,80-73
"Mar 15, 2003", WAS vs MIA,2,17,Missed,80-73
"Mar 18, 2003", WAS vs DET,2,1,Missed,0-0
"Mar 18, 2003", WAS vs DET,2,19,Missed,6-4
"Mar 18, 2003", WAS vs DET,2,21,Made,14-9
"Mar 18, 2003", WAS vs DET,2,17,Made,18-11
"Mar 18, 2003", WAS vs DET,2,20,Missed,20-13
"Mar 18, 2003", WAS vs DET,2,20,Missed,22-15
"Mar 18, 2003", WAS vs DET,2,18,Made,29-23
"Mar 18, 2003", WAS vs DET,2,14,Made,31-23
"Mar 18, 2003", WAS vs DET,2,13,Made,33-23
"Mar 18, 2003", WAS vs DET,2,11,Missed,33-25
"Mar 18, 2003", WAS vs DET,2,12,Missed,33-27
"Mar 18, 2003", WAS vs DET,2,1,Made,35-27
"Mar 18, 2003", WAS vs DET,2,4,Missed,35-29
"Mar 18, 2003", WAS vs DET,2,2,Made,39-37
"Mar 18, 2003", WAS vs DET,2,6,Missed,39-37
"Mar 18, 2003", WAS vs DET,2,12,Missed,47-41
"Mar 18, 2003", WAS vs DET,2,17,Missed,49-42
"Mar 18, 2003", WAS vs DET,2,19,Missed,50-45
"Mar 18, 2003", WAS vs DET,2,1,Made,54-50
"Mar 18, 2003", WAS vs DET,3,26,Missed,61-57
"Mar 18, 2003", WAS vs DET,2,17,Made,64-57
"Mar 18, 2003", WAS vs DET,2,17,Missed,64-62
"Mar 18, 2003", WAS vs DET,2,5,Missed,66-73
"Mar 18, 2003", WAS vs DET,2,13,Made,74-75
"Mar 18, 2003", WAS vs DET,2,1,Missed,88-91
"Mar 21, 2003", WAS at PHO,3,24,Missed,3-2
"Mar 21, 2003", WAS at PHO,2,19,Made,11-5
"Mar 21, 2003", WAS at PHO,2,20,Missed,11-7
"Mar 21, 2003", WAS at PHO,2,16,Made,15-9
"Mar 21, 2003", WAS at PHO,2,22,Missed,15-11
"Mar 21, 2003", WAS at PHO,2,14,Missed,15-26
"Mar 21, 2003", WAS at PHO,2,12,Missed,27-44
"Mar 21, 2003", WAS at PHO,2,16,Made,42-55
"Mar 21, 2003", WAS at PHO,2,0,Missed,52-71
"Mar 21, 2003", WAS at PHO,2,17,Made,54-71
"Mar 21, 2003", WAS at PHO,2,0,Missed,57-76
"Mar 21, 2003", WAS at PHO,2,15,Missed,57-84
"Mar 23, 2003", WAS at GSW,2,17,Missed,2-2
"Mar 23, 2003", WAS at GSW,2,14,Missed,11-8
"Mar 23, 2003", WAS at GSW,2,17,Made,20-24
"Mar 23, 2003", WAS at GSW,2,18,Missed,22-28
"Mar 23, 2003", WAS at GSW,3,25,Made,30-31
"Mar 23, 2003", WAS at GSW,2,6,Made,41-42
"Mar 23, 2003", WAS at GSW,2,18,Made,46-45
"Mar 23, 2003", WAS at GSW,2,17,Missed,48-47
"Mar 23, 2003", WAS at GSW,2,7,Made,57-52
"Mar 23, 2003", WAS at GSW,2,18,Missed,59-52
"Mar 23, 2003", WAS at GSW,2,15,Made,64-54
"Mar 23, 2003", WAS at GSW,2,0,Made,68-61
"Mar 23, 2003", WAS at GSW,2,18,Missed,68-63
"Mar 23, 2003", WAS at GSW,2,17,Made,70-63
"Mar 23, 2003", WAS at GSW,2,0,Made,74-65
"Mar 23, 2003", WAS at GSW,2,0,Made,81-69
"Mar 23, 2003", WAS at GSW,2,13,Made,83-69
"Mar 23, 2003", WAS at GSW,2,19,Missed,85-74
"Mar 23, 2003", WAS at GSW,2,19,Missed,91-88
"Mar 23, 2003", WAS at GSW,2,19,Missed,91-90
"Mar 23, 2003", WAS at GSW,2,19,Missed,93-90
"Mar 23, 2003", WAS at GSW,2,15,Missed,101-104
"Mar 23, 2003", WAS at GSW,2,5,Missed,101-107
"Mar 25, 2003", WAS at POR,2,23,Made,6-2
"Mar 25, 2003", WAS at POR,2,18,Missed,6-2
"Mar 25, 2003", WAS at POR,2,0,Made,8-5
"Mar 25, 2003", WAS at POR,2,15,Made,17-8
"Mar 25, 2003", WAS at POR,2,16,Made,21-11
"Mar 25, 2003", WAS at POR,2,18,Made,23-15
"Mar 25, 2003", WAS at POR,2,11,Missed,37-33
"Mar 25, 2003", WAS at POR,2,0,Made,43-35
"Mar 25, 2003", WAS at POR,2,20,Made,45-37
"Mar 25, 2003", WAS at POR,2,0,Missed,45-37
"Mar 25, 2003", WAS at POR,2,23,Missed,49-39
"Mar 25, 2003", WAS at POR,2,9,Made,63-51
"Mar 25, 2003", WAS at POR,2,15,Made,65-53
"Mar 25, 2003", WAS at POR,2,20,Missed,67-55
"Mar 25, 2003", WAS at POR,2,9,Missed,75-66
"Mar 25, 2003", WAS at POR,2,23,Missed,75-68
"Mar 25, 2003", WAS at POR,2,18,Made,77-70
"Mar 25, 2003", WAS at POR,2,13,Missed,82-78
"Mar 25, 2003", WAS at POR,2,22,Made,92-87
"Mar 26, 2003", WAS at SEA,2,18,Missed,0-2
"Mar 26, 2003", WAS at SEA,2,19,Missed,0-3
"Mar 26, 2003", WAS at SEA,2,0,Made,10-7
"Mar 26, 2003", WAS at SEA,2,0,Made,12-7
"Mar 26, 2003", WAS at SEA,2,16,Made,18-11
"Mar 26, 2003", WAS at SEA,2,19,Made,20-11
"Mar 26, 2003", WAS at SEA,2,20,Made,22-13
"Mar 26, 2003", WAS at SEA,2,20,Missed,28-19
"Mar 26, 2003", WAS at SEA,2,16,Made,36-28
"Mar 26, 2003", WAS at SEA,2,15,Made,40-31
"Mar 26, 2003", WAS at SEA,2,19,Missed,40-34
"Mar 26, 2003", WAS at SEA,2,8,Missed,42-36
"Mar 26, 2003", WAS at SEA,2,6,Missed,42-37
"Mar 26, 2003", WAS at SEA,2,20,Made,44-48
"Mar 26, 2003", WAS at SEA,2,0,Made,48-50
"Mar 26, 2003", WAS at SEA,2,18,Missed,62-57
"Mar 26, 2003", WAS at SEA,2,20,Missed,62-59
"Mar 26, 2003", WAS at SEA,2,18,Missed,67-63
"Mar 26, 2003", WAS at SEA,2,0,Made,69-65
"Mar 26, 2003", WAS at SEA,2,16,Made,71-65
"Mar 26, 2003", WAS at SEA,2,14,Made,73-67
"Mar 26, 2003", WAS at SEA,2,17,Missed,74-72
"Mar 28, 2003", WAS at LAL,2,17,Made,2-0
"Mar 28, 2003", WAS at LAL,2,17,Made,4-0
"Mar 28, 2003", WAS at LAL,2,16,Made,6-2
"Mar 28, 2003", WAS at LAL,2,7,Made,11-4
"Mar 28, 2003", WAS at LAL,2,20,Missed,15-10
"Mar 28, 2003", WAS at LAL,2,7,Missed,15-10
"Mar 28, 2003", WAS at LAL,2,0,Made,20-14
"Mar 28, 2003", WAS at LAL,2,17,Missed,24-20
"Mar 28, 2003", WAS at LAL,2,16,Made,33-32
"Mar 28, 2003", WAS at LAL,2,18,Missed,35-40
"Mar 28, 2003", WAS at LAL,2,15,Missed,37-42
"Mar 28, 2003", WAS at LAL,2,15,Made,39-42
"Mar 28, 2003", WAS at LAL,2,17,Missed,41-47
"Mar 28, 2003", WAS at LAL,2,9,Missed,41-47
"Mar 28, 2003", WAS at LAL,2,16,Missed,48-61
"Mar 28, 2003", WAS at LAL,2,5,Made,61-79
"Mar 28, 2003", WAS at LAL,2,17,Missed,63-83
"Mar 28, 2003", WAS at LAL,2,14,Made,65-87
"Mar 28, 2003", WAS at LAL,2,20,Made,69-87
"Mar 28, 2003", WAS at LAL,2,15,Missed,71-89
"Mar 30, 2003", WAS at DEN,2,17,Made,4-0
"Mar 30, 2003", WAS at DEN,2,17,Made,12-4
"Mar 30, 2003", WAS at DEN,2,21,Made,16-9
"Mar 30, 2003", WAS at DEN,2,13,Made,20-11
"Mar 30, 2003", WAS at DEN,2,16,Missed,33-23
"Mar 30, 2003", WAS at DEN,2,8,Missed,33-23
"Mar 30, 2003", WAS at DEN,2,0,Missed,33-24
"Mar 30, 2003", WAS at DEN,2,10,Missed,33-24
"Mar 30, 2003", WAS at DEN,2,0,Made,35-26
"Mar 30, 2003", WAS at DEN,2,13,Missed,38-30
"Mar 30, 2003", WAS at DEN,2,16,Missed,40-32
"Mar 30, 2003", WAS at DEN,2,0,Made,44-32
"Mar 30, 2003", WAS at DEN,2,0,Missed,44-34
"Mar 30, 2003", WAS at DEN,3,25,Missed,44-36
"Mar 30, 2003", WAS at DEN,2,17,Missed,46-47
"Mar 30, 2003", WAS at DEN,2,0,Made,50-50
"Mar 30, 2003", WAS at DEN,2,0,Made,52-52
"Mar 30, 2003", WAS at DEN,2,19,Missed,52-54
"Mar 30, 2003", WAS at DEN,2,18,Missed,54-61
"Mar 30, 2003", WAS at DEN,2,6,Missed,55-61
"Mar 30, 2003", WAS at DEN,2,15,Made,61-69
"Mar 30, 2003", WAS at DEN,2,21,Missed,61-71
"Mar 30, 2003", WAS at DEN,2,9,Missed,61-74
"Apr 2, 2003", WAS vs SAC,2,9,Made,2-0
"Apr 2, 2003", WAS vs SAC,2,19,Missed,2-2
"Apr 2, 2003", WAS vs SAC,2,2,Made,4-4
"Apr 2, 2003", WAS vs SAC,2,17,Missed,4-7
"Apr 2, 2003", WAS vs SAC,2,18,Made,19-18
"Apr 2, 2003", WAS vs SAC,2,15,Missed,19-18
"Apr 2, 2003", WAS vs SAC,2,19,Made,21-20
"Apr 2, 2003", WAS vs SAC,2,16,Missed,29-37
"Apr 2, 2003", WAS vs SAC,2,20,Missed,32-43
"Apr 2, 2003", WAS vs SAC,2,0,Made,36-47
"Apr 2, 2003", WAS vs SAC,2,22,Made,42-47
"Apr 2, 2003", WAS vs SAC,2,21,Missed,50-70
"Apr 2, 2003", WAS vs SAC,2,20,Missed,50-72
"Apr 2, 2003", WAS vs SAC,2,21,Missed,55-74
"Apr 2, 2003", WAS vs SAC,2,18,Made,78-95
"Apr 2, 2003", WAS vs SAC,2,20,Missed,82-95
"Apr 2, 2003", WAS vs SAC,2,16,Made,94-99
"Apr 3, 2003", WAS at ATL,2,18,Missed,4-7
"Apr 3, 2003", WAS at ATL,2,0,Missed,4-9
"Apr 3, 2003", WAS at ATL,2,18,Made,6-13
"Apr 3, 2003", WAS at ATL,2,17,Missed,12-23
"Apr 3, 2003", WAS at ATL,2,17,Missed,21-34
"Apr 3, 2003", WAS at ATL,2,14,Missed,21-36
"Apr 3, 2003", WAS at ATL,2,8,Made,30-38
"Apr 3, 2003", WAS at ATL,2,4,Missed,32-44
"Apr 3, 2003", WAS at ATL,2,9,Missed,38-49
"Apr 3, 2003", WAS at ATL,2,0,Made,43-49
"Apr 3, 2003", WAS at ATL,3,25,Missed,46-53
"Apr 3, 2003", WAS at ATL,2,0,Missed,52-65
"Apr 3, 2003", WAS at ATL,2,16,Missed,54-67
"Apr 3, 2003", WAS at ATL,2,0,Made,58-68
"Apr 3, 2003", WAS at ATL,2,17,Missed,58-70
"Apr 3, 2003", WAS at ATL,2,6,Made,62-72
"Apr 3, 2003", WAS at ATL,2,17,Missed,69-77
"Apr 3, 2003", WAS at ATL,2,14,Made,71-77
"Apr 3, 2003", WAS at ATL,2,15,Made,81-83
"Apr 3, 2003", WAS at ATL,2,14,Made,83-85
"Apr 3, 2003", WAS at ATL,2,13,Made,85-85
"Apr 3, 2003", WAS at ATL,2,14,Made,87-87
"Apr 3, 2003", WAS at ATL,2,14,Missed,89-89
"Apr 6, 2003", WAS at BOS,2,10,Made,5-4
"Apr 6, 2003", WAS at BOS,2,17,Made,7-6
"Apr 6, 2003", WAS at BOS,2,11,Missed,7-6
"Apr 6, 2003", WAS at BOS,2,21,Missed,7-8
"Apr 6, 2003", WAS at BOS,2,20,Made,19-21
"Apr 6, 2003", WAS at BOS,2,3,Missed,21-26
"Apr 6, 2003", WAS at BOS,2,21,Made,23-26
"Apr 6, 2003", WAS at BOS,2,18,Missed,29-30
"Apr 6, 2003", WAS at BOS,2,8,Missed,47-40
"Apr 6, 2003", WAS at BOS,2,20,Made,56-47
"Apr 6, 2003", WAS at BOS,2,17,Missed,56-50
"Apr 6, 2003", WAS at BOS,3,25,Made,61-52
"Apr 6, 2003", WAS at BOS,2,17,Missed,61-57
"Apr 6, 2003", WAS at BOS,2,20,Missed,61-62
"Apr 6, 2003", WAS at BOS,2,19,Missed,74-80
"Apr 6, 2003", WAS at BOS,2,17,Missed,74-80
"Apr 6, 2003", WAS at BOS,2,20,Made,84-85
"Apr 6, 2003", WAS at BOS,2,3,Missed,84-87
"Apr 6, 2003", WAS at BOS,2,17,Made,87-89
"Apr 6, 2003", WAS at BOS,2,18,Made,89-89
"Apr 6, 2003", WAS at BOS,2,14,Made,91-91
"Apr 6, 2003", WAS at BOS,2,14,Missed,95-95
"Apr 8, 2003", WAS at CLE,2,20,Made,2-2
"Apr 8, 2003", WAS at CLE,2,17,Made,7-4
"Apr 8, 2003", WAS at CLE,2,14,Missed,13-6
"Apr 8, 2003", WAS at CLE,2,18,Missed,15-10
"Apr 8, 2003", WAS at CLE,2,15,Made,31-28
"Apr 8, 2003", WAS at CLE,2,14,Missed,31-30
"Apr 8, 2003", WAS at CLE,2,19,Made,35-31
"Apr 8, 2003", WAS at CLE,2,15,Missed,38-33
"Apr 8, 2003", WAS at CLE,2,16,Missed,39-39
"Apr 8, 2003", WAS at CLE,2,14,Made,50-49
"Apr 8, 2003", WAS at CLE,2,12,Made,52-49
"Apr 8, 2003", WAS at CLE,2,17,Missed,52-51
"Apr 8, 2003", WAS at CLE,2,3,Missed,52-51
"Apr 8, 2003", WAS at CLE,2,12,Missed,56-59
"Apr 8, 2003", WAS at CLE,2,3,Made,58-59
"Apr 8, 2003", WAS at CLE,2,18,Missed,59-59
"Apr 8, 2003", WAS at CLE,2,20,Made,61-62
"Apr 8, 2003", WAS at CLE,3,25,Made,76-71
"Apr 8, 2003", WAS at CLE,2,17,Made,78-73
"Apr 9, 2003", WAS vs BOS,2,18,Missed,0-2
"Apr 9, 2003", WAS vs BOS,3,26,Made,7-15
"Apr 9, 2003", WAS vs BOS,2,15,Missed,7-15
"Apr 9, 2003", WAS vs BOS,2,18,Missed,9-18
"Apr 9, 2003", WAS vs BOS,2,14,Made,15-20
"Apr 9, 2003", WAS vs BOS,2,17,Made,27-32
"Apr 9, 2003", WAS vs BOS,2,17,Missed,27-32
"Apr 9, 2003", WAS vs BOS,2,17,Made,31-39
"Apr 9, 2003", WAS vs BOS,2,1,Missed,31-39
"Apr 9, 2003", WAS vs BOS,2,16,Made,40-45
"Apr 9, 2003", WAS vs BOS,2,19,Missed,46-54
"Apr 9, 2003", WAS vs BOS,2,14,Missed,50-57
"Apr 9, 2003", WAS vs BOS,2,19,Made,72-75
"Apr 9, 2003", WAS vs BOS,2,1,Made,74-75
"Apr 9, 2003", WAS vs BOS,3,25,Missed,74-77
"Apr 9, 2003", WAS vs BOS,2,19,Missed,79-80
"Apr 9, 2003", WAS vs BOS,2,0,Made,83-82
"Apr 11, 2003", WAS at MIA,2,0,Missed,0-0
"Apr 11, 2003", WAS at MIA,2,0,Made,2-0
"Apr 11, 2003", WAS at MIA,3,25,Missed,5-0
"Apr 11, 2003", WAS at MIA,2,0,Made,7-0
"Apr 11, 2003", WAS at MIA,2,21,Missed,7-2
"Apr 11, 2003", WAS at MIA,2,12,Made,9-2
"Apr 11, 2003", WAS at MIA,2,14,Made,11-7
"Apr 11, 2003", WAS at MIA,2,16,Made,15-9
"Apr 11, 2003", WAS at MIA,2,14,Made,21-15
"Apr 11, 2003", WAS at MIA,2,15,Missed,21-17
"Apr 11, 2003", WAS at MIA,2,0,Made,23-19
"Apr 11, 2003", WAS at MIA,2,0,Missed,23-19
"Apr 11, 2003", WAS at MIA,2,14,Made,41-29
"Apr 11, 2003", WAS at MIA,2,0,Missed,41-29
"Apr 11, 2003", WAS at MIA,2,19,Made,49-38
"Apr 11, 2003", WAS at MIA,2,18,Made,51-40
"Apr 11, 2003", WAS at MIA,2,15,Missed,51-47
"Apr 11, 2003", WAS at MIA,2,15,Made,54-47
"Apr 11, 2003", WAS at MIA,2,19,Missed,56-51
"Apr 11, 2003", WAS at MIA,2,21,Missed,56-51
"Apr 11, 2003", WAS at MIA,2,0,Missed,60-56
"Apr 11, 2003", WAS at MIA,2,0,Missed,77-65
"Apr 11, 2003", WAS at MIA,2,14,Missed,77-69
"Apr 11, 2003", WAS at MIA,2,19,Missed,82-74
"Apr 11, 2003", WAS at MIA,2,8,Missed,85-76
"Apr 11, 2003", WAS at MIA,2,21,Missed,87-80
"Apr 12, 2003", WAS vs ATL,2,16,Missed,0-2
"Apr 12, 2003", WAS vs ATL,2,8,Missed,2-6
"Apr 12, 2003", WAS vs ATL,2,19,Missed,2-8
"Apr 12, 2003", WAS vs ATL,2,18,Missed,2-8
"Apr 12, 2003", WAS vs ATL,2,17,Made,11-13
"Apr 12, 2003", WAS vs ATL,2,17,Missed,11-15
"Apr 12, 2003", WAS vs ATL,2,1,Made,15-21
"Apr 12, 2003", WAS vs ATL,2,9,Made,38-46
"Apr 12, 2003", WAS vs ATL,2,20,Made,44-50
"Apr 12, 2003", WAS vs ATL,2,19,Made,54-56
"Apr 12, 2003", WAS vs ATL,2,18,Missed,64-60
"Apr 12, 2003", WAS vs ATL,2,19,Made,87-95
"Apr 12, 2003", WAS vs ATL,2,11,Missed,87-95
"Apr 12, 2003", WAS vs ATL,2,1,Made,96-99
"Apr 12, 2003", WAS vs ATL,2,13,Made,100-99
"Apr 12, 2003", WAS vs ATL,2,20,Missed,100-101
"Apr 14, 2003", WAS vs NYK,3,25,Missed,5-5
"Apr 14, 2003", WAS vs NYK,2,18,Made,7-5
"Apr 14, 2003", WAS vs NYK,2,21,Missed,7-5
"Apr 14, 2003", WAS vs NYK,2,19,Missed,7-7
"Apr 14, 2003", WAS vs NYK,2,19,Made,9-7
"Apr 14, 2003", WAS vs NYK,2,1,Made,13-12
"Apr 14, 2003", WAS vs NYK,2,6,Missed,13-14
"Apr 14, 2003", WAS vs NYK,2,17,Made,15-16
"Apr 14, 2003", WAS vs NYK,2,17,Missed,15-20
"Apr 14, 2003", WAS vs NYK,2,18,Made,31-37
"Apr 14, 2003", WAS vs NYK,2,18,Made,35-37
"Apr 14, 2003", WAS vs NYK,2,3,Missed,35-40
"Apr 14, 2003", WAS vs NYK,2,19,Made,39-42
"Apr 14, 2003", WAS vs NYK,3,26,Missed,40-43
"Apr 14, 2003", WAS vs NYK,2,16,Made,44-47
"Apr 14, 2003", WAS vs NYK,2,15,Missed,53-57
"Apr 14, 2003", WAS vs NYK,2,4,Missed,53-57
"Apr 14, 2003", WAS vs NYK,2,16,Missed,55-59
"Apr 14, 2003", WAS vs NYK,2,13,Missed,68-74
"Apr 14, 2003", WAS vs NYK,3,26,Missed,72-79
"Apr 14, 2003", WAS vs NYK,2,3,Made,74-79
"Apr 14, 2003", WAS vs NYK,2,18,Missed,74-81
"Apr 16, 2003", WAS at PHI,2,19,Missed,2-2
"Apr 16, 2003", WAS at PHI,2,12,Missed,9-9
"Apr 16, 2003", WAS at PHI,2,16,Made,11-11
"Apr 16, 2003", WAS at PHI,2,15,Missed,13-15
"Apr 16, 2003", WAS at PHI,2,20,Missed,15-18
"Apr 16, 2003", WAS at PHI,2,7,Missed,18-26
"Apr 16, 2003", WAS at PHI,2,17,Made,20-27
"Apr 16, 2003", WAS at PHI,2,0,Missed,20-29
"Apr 16, 2003", WAS at PHI,2,19,Missed,28-45
"Apr 16, 2003", WAS at PHI,2,18,Made,38-49
"Apr 16, 2003", WAS at PHI,2,0,Made,46-56
"Apr 16, 2003", WAS at PHI,2,15,Made,48-56
"Apr 16, 2003", WAS at PHI,2,18,Made,50-63
"Apr 16, 2003", WAS at PHI,2,15,Missed,50-67
"Apr 16, 2003", WAS at PHI,2,0,Missed,50-67
