name,height(cm),weight(kg),position,games,pts,trb,ast,fg_pct,fg3_pct,ft_pct,efg,per,ws
James Harden,196.0,99.0,SG,72.0,30.4,5.4,8.8,44.9,36.7,85.8,54.1,29.8,15.4
Trevor Ariza,203.0,97.0,SF,67.0,11.7,4.4,1.6,41.2,36.8,85.4,54.2,11.8,5.3
Chris Paul,183.0,79.0,PG,58.0,18.6,5.4,7.9,46.0,38.0,91.9,55.0,24.4,10.2
Clint Capela,208.0,108.0,C,74.0,13.9,10.8,0.9,65.2,0.0,56.0,65.2,24.5,10.2
Ryan Anderson,208.0,108.0,PF,66.0,9.3,5.0,0.9,43.1,38.6,77.4,56.8,12.6,4.8
Eric Gordon,193.0,97.0,PG,69.0,18.0,2.5,2.2,42.8,35.9,80.9,54.0,15.2,4.7
Chinanu Onuaku,208.0,111.0,C,1.0,4.0,4.0,1.0,40.0,,,40.0,-3.2,-0.1
Nene,211.0,113.0,PF,52.0,6.5,3.4,0.9,56.9,0.0,63.6,56.9,16.4,2.6
P.J. Tucker,198.0,111.0,PF,82.0,6.1,5.6,0.9,39.0,37.1,71.7,52.0,8.3,3.9
Tarik Black,206.0,113.0,C,51.0,3.5,3.2,0.3,59.1,9.1,46.0,59.4,14.3,1.5
Luc Mbah a Moute,203.0,104.0,PF,61.0,7.5,3.0,0.9,48.1,36.4,68.4,57.2,10.2,2.8
Zhou Qi,216.0,95.0,C,18.0,1.2,1.2,0.1,18.8,10.5,66.7,21.9,1.9,-0.3
Gerald Green,201.0,92.0,SG,41.0,12.1,3.2,0.6,40.7,36.9,85.0,54.0,14.1,2.1
R.J. Hunter,196.0,83.0,SG,5.0,3.8,1.0,0.6,35.0,21.4,100.0,42.5,8.5,0.0
Markel Brown,190.0,86.0,SG,4.0,1.3,1.3,0.5,28.6,20.0,,35.7,-1.2,0.0
Joe Johnson,201.0,108.0,SG,55.0,6.8,3.1,1.5,40.6,27.6,88.9,46.1,8.1,1.0
Aaron Jackson,193.0,83.0,PG,1.0,8.0,3.0,1.0,33.3,25.0,50.0,38.9,2.4,0.0
Stephen Curry,190.0,86.0,PG,51.0,26.4,5.1,6.1,49.5,42.3,92.1,61.8,28.2,9.1
Klay Thompson,201.0,97.0,SG,73.0,20.0,3.8,2.5,48.8,44.0,83.7,58.5,16.1,4.9
Kevon Looney,206.0,99.0,PF,66.0,4.0,3.3,0.6,58.0,20.0,54.5,58.3,14.8,2.8
Draymond Green,201.0,104.0,SF,70.0,11.0,7.6,7.3,45.4,30.1,77.5,51.6,16.1,6.1
Patrick McCaw,201.0,83.0,SG,57.0,4.0,1.4,1.4,40.9,23.8,76.5,45.1,7.4,0.6
Damian Jones,213.0,111.0,C,15.0,1.7,0.9,0.1,50.0,,60.0,50.0,6.8,0.1
Jordan Bell,206.0,101.0,C,57.0,4.6,3.6,1.8,62.7,0.0,68.2,62.7,18.0,2.9
Kevin Durant,206.0,108.0,PF,68.0,26.4,6.8,5.4,51.6,41.9,88.9,58.6,26.0,10.4
Andre Iguodala,198.0,97.0,SG,64.0,6.0,3.8,3.3,46.3,28.2,63.2,51.4,11.2,3.2
Shaun Livingston,201.0,87.0,SG,71.0,5.5,1.8,2.0,50.1,0.0,82.0,50.1,11.6,1.8
Nick Young,201.0,95.0,SG,80.0,7.3,1.6,0.5,41.2,37.7,86.2,53.8,10.0,1.7
Zaza Pachulia,211.0,122.0,C,69.0,5.4,4.7,1.6,56.4,0.0,80.6,56.4,17.0,3.3
David West,206.0,113.0,SF,73.0,6.8,3.3,1.9,57.1,37.5,75.9,57.5,20.9,3.5
JaVale McGee,213.0,122.0,C,65.0,4.8,2.6,0.5,62.1,0.0,73.1,62.1,22.3,2.7
Quinn Cook,188.0,83.0,PG,33.0,9.5,2.5,2.7,48.4,44.2,88.0,57.5,12.8,1.6
Chris Boucher,208.0,82.0,PF,1.0,0.0,1.0,0.0,0.0,0.0,,0.0,-28.5,0.0
Quinn Cook,188.0,83.0,PG,33.0,9.5,2.5,2.7,48.4,44.2,88.0,57.5,12.8,1.6
Damian Lillard,190.0,88.0,PG,73.0,26.9,4.5,6.6,43.9,36.1,91.6,51.9,25.2,12.6
C.J. McCollum,190.0,86.0,SG,81.0,21.4,4.0,3.4,44.3,39.7,83.6,50.6,17.0,6.6
Shabazz Napier,185.0,79.0,PG,74.0,8.7,2.3,2.0,42.0,37.6,84.1,49.7,14.2,3.2
Jusuf Nurkic,213.0,127.0,C,79.0,14.3,9.0,1.8,50.5,0.0,63.0,50.5,19.2,4.7
Al-Farouq Aminu,206.0,99.0,PF,69.0,9.3,7.6,1.2,39.5,36.9,73.8,50.3,12.0,4.2
Ed Davis,208.0,108.0,C,78.0,5.3,7.4,0.5,58.2,0.0,66.7,58.2,15.5,5.0
Pat Connaughton,196.0,93.0,SG,82.0,5.4,2.0,1.1,42.3,35.2,84.1,51.8,9.3,2.5
Evan Turner,201.0,99.0,SF,79.0,8.2,3.1,2.2,44.7,31.8,85.0,48.4,9.9,2.6
Jake Layman,206.0,95.0,SF,35.0,1.0,0.5,0.3,29.8,20.0,66.7,34.0,4.9,-0.1
Meyers Leonard,216.0,111.0,C,33.0,3.4,2.1,0.5,59.0,42.3,81.8,66.0,17.8,1.1
Maurice Harkless,206.0,97.0,SF,59.0,6.5,2.7,0.9,49.5,41.5,71.2,57.7,12.6,3.2
Zach Collins,213.0,105.0,C,66.0,4.4,3.3,0.8,39.8,31.0,64.3,45.8,7.5,0.6
Caleb Swanigan,203.0,113.0,PF,27.0,2.3,2.0,0.5,40.0,12.5,66.7,40.8,7.5,0.0
C.J. Wilcox,196.0,88.0,SG,,,,,,,,,,
Wade Baldwin,193.0,91.0,PG,7.0,5.4,1.1,0.7,66.7,80.0,60.0,76.2,16.6,0.3
Georgios Papagiannis,216.0,108.0,C,17.0,2.1,2.2,0.5,42.9,,,42.9,12.2,0.0
Paul George,206.0,99.0,SF,79.0,21.9,5.7,3.3,43.0,40.1,82.0,52.1,18.7,8.9
Carmelo Anthony,203.0,108.0,PF,78.0,16.2,5.8,1.3,40.4,35.7,76.7,47.6,12.7,3.7
Russell Westbrook,190.0,90.0,PG,80.0,25.4,10.1,10.3,44.9,29.8,73.7,47.7,24.7,10.1
Steven Adams,213.0,115.0,C,76.0,13.9,9.0,1.2,62.9,0.0,55.7,62.9,20.6,9.7
Jerami Grant,203.0,95.0,SF,81.0,8.4,3.9,0.7,53.5,29.1,67.5,57.0,16.2,5.4
Kyle Singler,203.0,103.0,SF,12.0,1.9,0.8,0.2,33.3,40.0,53.8,38.1,5.9,0.0
Josh Huestis,201.0,104.0,PF,69.0,2.3,2.3,0.3,33.0,28.7,30.0,42.0,5.4,0.5
Alex Abrines,198.0,86.0,SG,75.0,4.7,1.5,0.4,39.5,38.0,84.8,54.0,9.0,2.2
Patrick Patterson,206.0,104.0,PF,82.0,3.9,2.4,0.7,39.8,38.6,87.0,52.3,10.0,2.6
Raymond Felton,185.0,92.0,SG,82.0,6.9,1.9,2.5,40.6,35.2,81.8,47.9,13.0,2.2
Andre Roberson,201.0,95.0,SF,39.0,5.0,4.7,1.2,53.7,22.2,31.6,56.2,10.9,2.2
Dakari Johnson,213.0,115.0,C,31.0,1.8,1.1,0.3,56.4,,55.0,56.4,16.4,0.6
Nick Collison,208.0,115.0,C,15.0,2.1,1.3,0.3,68.4,,38.5,68.4,13.2,0.1
Terrance Ferguson,201.0,83.0,SG,61.0,3.1,0.8,0.3,41.4,33.3,90.0,53.3,7.4,1.2
PJ Dozier,201.0,91.0,PG,2.0,1.0,0.5,0.0,50.0,,,50.0,-5.0,0.0
Daniel Hamilton,201.0,88.0,SG,6.0,2.0,0.8,1.3,45.5,40.0,,54.5,18.2,0.1
Corey Brewer,206.0,84.0,SF,72.0,5.3,2.1,0.9,44.9,28.2,72.2,49.8,11.2,2.3
Rudy Gobert,216.0,111.0,C,56.0,13.5,10.7,1.4,62.2,,68.2,62.2,20.7,8.1
Ricky Rubio,193.0,87.0,PG,77.0,13.1,4.6,5.3,41.8,35.2,86.6,47.6,15.4,5.3
Derrick Favors,208.0,120.0,C,77.0,12.3,7.2,1.3,56.3,22.2,65.1,57.3,18.8,8.0
Alec Burks,198.0,97.0,SG,64.0,7.7,3.0,1.0,41.1,33.1,86.3,46.7,13.1,1.9
Dante Exum,198.0,86.0,PG,14.0,8.1,1.9,3.1,48.3,27.8,80.6,51.1,16.7,0.7
Jae Crowder,198.0,106.0,SF,80.0,9.7,3.4,1.2,40.4,32.3,81.8,48.6,10.4,2.6
Raul Neto,185.0,81.0,PG,41.0,4.5,1.2,1.8,45.7,40.4,74.3,52.0,11.9,0.9
Donovan Mitchell,190.0,95.0,SG,79.0,20.5,3.7,3.7,43.7,34.0,80.5,50.6,16.7,5.2
Tony Bradley,211.0,108.0,C,9.0,0.9,1.2,0.1,27.3,0.0,100.0,27.3,9.5,0.0
Jonas Jerebko,208.0,104.0,PF,74.0,5.8,3.3,0.6,46.6,41.4,80.7,56.2,13.2,3.4
Thabo Sefolosha,201.0,99.0,SF,38.0,8.2,4.2,0.9,49.2,38.1,81.5,55.8,15.8,2.6
Royce O'Neale,198.0,97.0,SF,69.0,5.0,3.4,1.4,42.3,35.6,80.3,49.6,10.8,2.4
Ekpe Udoh,208.0,108.0,C,63.0,2.6,2.4,0.8,50.0,0.0,75.0,50.0,15.2,3.2
Joe Ingles,203.0,102.0,SF,82.0,11.5,4.2,4.8,46.7,44.0,79.5,60.9,14.4,7.6
Erik McCree,203.0,102.0,SF,4.0,0.0,0.3,0.0,0.0,0.0,,0.0,-8.9,-0.1
Georges Niang,203.0,104.0,PF,9.0,1.0,1.0,0.3,36.4,0.0,50.0,36.4,9.2,0.0
David Stockton,180.0,74.0,PG,3.0,3.3,0.0,0.0,66.7,66.7,100.0,100.0,33.9,0.1
Anthony Davis,208.0,114.0,PF,75.0,28.1,11.1,2.3,53.4,34.0,82.8,55.2,28.9,13.7
DeMarcus Cousins,211.0,122.0,C,48.0,25.2,12.9,5.4,47.0,35.4,74.6,53.0,22.6,4.7
Alexis Ajinca,218.0,112.0,PF,,,,,,,,,,
E'Twaun Moore,193.0,86.0,PG,82.0,12.5,2.9,2.3,50.8,42.5,70.6,58.5,12.1,4.4
Cheick Diallo,206.0,99.0,PF,52.0,4.9,4.1,0.4,58.0,,75.8,58.0,17.0,1.9
Solomon Hill,201.0,102.0,SF,12.0,2.4,3.0,1.8,26.8,19.0,50.0,31.7,4.8,-0.1
Jrue Holiday,193.0,92.0,PG,81.0,19.0,4.5,6.0,49.4,33.7,78.6,54.3,17.8,7.1
Frank Jackson,193.0,91.0,PF,,,,,,,,,,
Rajon Rondo,185.0,84.0,PG,65.0,8.3,4.0,8.2,46.8,33.3,54.3,51.8,15.3,3.6
Darius Miller,203.0,106.0,SF,82.0,7.8,2.0,1.4,44.4,41.1,86.6,59.4,9.3,3.0
Ian Clark,190.0,79.0,SG,74.0,7.4,1.7,1.5,44.8,31.8,76.3,51.1,9.4,1.1
Nikola Mirotic,208.0,99.0,PF,55.0,15.6,7.4,1.5,44.7,37.7,81.8,54.6,18.7,4.0
Charles Cooke,196.0,88.0,SG,13.0,0.5,0.2,0.1,14.3,12.5,50.0,17.9,-5.1,-0.2
DeAndre Liggins,198.0,94.0,SF,58.0,1.7,1.3,0.8,37.7,35.8,40.0,46.7,6.0,0.5
Emeka Okafor,208.0,114.0,C,26.0,4.4,4.6,0.3,50.5,,81.8,50.5,16.4,1.0
Jordan Crawford,193.0,88.0,PG,5.0,6.6,0.8,2.6,44.4,57.1,100.0,59.3,19.1,0.2
Tony Parker,188.0,83.0,PG,55.0,7.7,1.7,3.5,45.9,27.0,70.5,47.2,12.7,1.4
Kyle Anderson,206.0,104.0,SF,74.0,7.9,5.4,2.7,52.7,33.3,71.2,54.9,15.9,6.2
Kawhi Leonard,201.0,104.0,SF,9.0,16.2,4.7,2.3,46.8,31.4,81.6,51.8,26.0,0.9
Danny Green,198.0,97.0,SG,70.0,8.6,3.6,1.6,38.7,36.3,76.9,49.0,11.4,2.9
LaMarcus Aldridge,211.0,117.0,PF,75.0,23.1,8.5,2.0,51.0,29.3,83.7,52.0,25.0,10.9
Dejounte Murray,196.0,77.0,PG,81.0,8.1,5.7,2.9,44.3,26.5,70.9,45.1,15.1,3.2
Bryn Forbes,190.0,86.0,SG,80.0,6.9,1.4,1.0,42.1,39.0,66.7,51.0,9.1,2.1
Davis Bertans,208.0,95.0,PF,77.0,5.9,2.0,1.0,44.0,37.3,81.6,56.8,14.1,3.1
Rudy Gay,203.0,104.0,SF,57.0,11.5,5.1,1.3,47.1,31.4,77.2,50.6,18.0,3.1
Derrick White,196.0,86.0,PG,17.0,3.2,1.5,0.5,48.5,61.5,70.0,60.6,15.9,0.5
Brandon Paul,193.0,90.0,SG,64.0,2.3,1.1,0.6,43.3,27.8,51.2,49.2,7.5,0.5
Joffrey Lauvergne,211.0,99.0,C,55.0,4.1,3.1,0.7,51.6,0.0,63.8,51.6,16.5,1.3
Pau Gasol,213.0,113.0,C,77.0,10.1,8.0,3.1,45.8,35.8,75.6,49.2,18.9,6.0
Patty Mills,183.0,83.0,PG,82.0,10.0,1.9,2.8,41.1,37.2,89.0,52.3,11.8,4.1
Manu Ginobili,198.0,92.0,SG,65.0,8.9,2.2,2.5,43.4,33.3,84.0,50.3,12.9,2.2
Darrun Hilliard,198.0,92.0,SG,14.0,1.1,0.5,0.8,26.3,0.0,85.7,26.3,3.4,0.0
Matt Costello,206.0,111.0,C,4.0,1.0,2.3,0.5,50.0,,,50.0,9.7,0.1
Gorgui Dieng,211.0,109.0,PF,79.0,5.9,4.6,0.9,47.9,31.1,77.5,50.4,14.7,2.9
Andrew Wiggins,203.0,90.0,SF,82.0,17.7,4.4,2.0,43.8,33.1,64.3,48.1,13.0,2.1
Karl-Anthony Towns,213.0,110.0,C,82.0,21.3,12.3,2.4,54.5,42.1,85.8,59.6,24.9,14.0
Tyus Jones,188.0,88.0,PG,82.0,5.1,1.6,2.8,45.7,34.9,87.7,52.6,14.1,3.6
Jimmy Butler,203.0,107.0,SF,59.0,22.2,5.3,4.9,47.4,35.0,85.4,51.2,23.7,8.9
Nemanja Bjelica,208.0,108.0,PF,67.0,6.8,4.1,1.3,46.1,41.5,80.0,56.3,12.6,2.8
Cole Aldrich,211.0,113.0,C,21.0,0.6,0.7,0.1,33.3,,33.3,33.3,6.0,0.0
Justin Patton,211.0,103.0,C,1.0,2.0,0.0,0.0,50.0,,,50.0,19.8,0.0
Jeff Teague,188.0,84.0,PG,70.0,14.2,3.0,7.0,44.6,36.8,84.5,49.9,16.4,4.9
Taj Gibson,206.0,102.0,PF,82.0,12.2,7.1,1.2,57.7,20.0,76.8,58.1,15.4,7.2
Jamal Crawford,196.0,90.0,PG,80.0,10.3,1.2,2.3,41.5,33.1,90.3,48.5,13.0,1.3
Marcus Georges-Hunt,196.0,97.0,SG,42.0,1.4,0.4,0.2,43.8,26.7,61.9,47.9,6.9,0.2
Aaron Brooks,183.0,73.0,PG,32.0,2.3,0.5,0.6,40.6,35.5,72.7,48.6,9.8,0.1
Anthony Brown,201.0,95.0,SF,1.0,3.0,0.0,1.0,100.0,100.0,,150.0,41.9,0.0
Amile Jefferson,206.0,101.0,PF,,,,,,,,,,
Derrick Rose,190.0,86.0,PG,25.0,8.4,1.4,1.5,43.5,23.3,87.0,45.4,11.5,-0.2
Wilson Chandler,203.0,102.0,SF,74.0,10.0,5.4,2.2,44.5,35.8,77.2,51.5,11.0,3.3
Kenneth Faried,203.0,103.0,PF,32.0,5.9,4.8,0.6,51.4,0.0,70.6,51.4,17.4,1.3
Devin Harris,190.0,87.0,PG,71.0,8.4,1.8,2.1,41.2,34.8,83.5,49.9,13.0,2.5
Gary Harris,193.0,95.0,SG,67.0,17.5,2.6,2.9,48.5,39.6,82.7,57.0,16.5,5.5
Trey Lyles,208.0,106.0,PF,73.0,9.9,4.8,1.2,49.1,38.1,69.7,56.6,17.9,3.9
Nikola Jokic,208.0,113.0,C,75.0,18.5,10.7,6.1,49.9,39.6,85.0,55.4,24.4,10.7
Will Barton,198.0,79.0,SG,81.0,15.7,5.0,4.1,45.2,37.0,80.5,52.8,16.2,6.2
Darrell Arthur,206.0,106.0,PF,19.0,2.8,0.8,0.5,46.8,34.8,66.7,55.3,8.4,0.0
Malik Beasley,196.0,88.0,SG,62.0,3.2,1.1,0.5,41.0,34.1,66.7,48.9,9.0,0.3
Jamal Murray,193.0,93.0,SG,81.0,16.7,3.7,3.4,45.1,37.8,90.5,52.9,16.1,5.5
Juan Hernangomez,206.0,104.0,PF,25.0,3.3,2.2,0.5,38.7,28.0,83.3,48.0,9.7,0.4
Tyler Lydon,208.0,97.0,PF,1.0,0.0,0.0,0.0,,,,,0.0,0.0
Paul Millsap,203.0,111.0,PF,38.0,14.6,6.4,2.7,46.4,34.5,69.6,50.9,17.0,2.5
Mason Plumlee,211.0,111.0,C,74.0,7.1,5.4,1.9,60.1,0.0,45.6,60.1,16.9,3.6
Richard Jefferson,201.0,105.0,SF,20.0,1.5,0.9,0.8,44.4,28.6,57.1,48.1,6.4,0.1
Monte Morris,190.0,79.0,PG,3.0,3.3,0.7,2.3,66.7,0.0,100.0,66.7,27.1,0.2
Torrey Craig,198.0,97.0,SF,39.0,4.2,3.3,0.6,45.3,29.3,62.9,51.5,9.8,0.9
Avery Bradley,188.0,81.0,PG,46.0,14.3,2.5,2.0,41.4,36.9,76.8,47.4,9.6,-0.2
Sam Dekker,206.0,104.0,PF,73.0,4.2,2.4,0.5,49.4,16.7,66.1,51.4,11.5,1.2
Patrick Beverley,185.0,83.0,PG,11.0,12.2,4.1,2.9,40.3,40.0,82.4,50.4,12.3,0.4
Tobias Harris,206.0,106.0,PF,80.0,18.6,5.5,2.4,46.0,41.1,82.9,53.5,17.1,6.7
DeAndre Jordan,211.0,120.0,C,77.0,12.0,15.2,1.5,64.5,,58.0,64.5,20.2,9.4
Lou Williams,185.0,79.0,PG,79.0,22.6,2.5,5.3,43.5,35.9,88.0,50.5,20.2,6.7
Montrezl Harrell,203.0,108.0,PF,76.0,11.0,4.0,1.0,63.5,14.3,62.6,63.6,24.7,5.5
Austin Rivers,193.0,90.0,PG,61.0,15.1,2.4,4.0,42.4,37.8,64.2,50.8,12.6,2.4
Wesley Johnson,201.0,97.0,SG,74.0,5.4,2.9,0.8,40.8,33.9,74.1,48.9,9.8,1.7
Boban Marjanovic,221.0,131.0,C,39.0,6.0,3.7,0.6,53.4,,79.4,53.4,26.0,1.5
Danilo Gallinari,208.0,102.0,PF,21.0,15.3,4.8,2.0,39.8,32.4,93.1,46.9,13.8,1.2
Milos Teodosic,196.0,88.0,PG,45.0,9.5,2.8,4.6,41.9,37.9,84.8,54.2,11.6,1.4
Jawun Evans,183.0,83.0,PG,48.0,4.8,1.8,2.1,35.2,27.8,77.6,38.1,7.2,-0.2
Sindarius Thornwell,196.0,96.0,SG,73.0,3.9,1.9,0.9,42.9,37.7,67.0,47.9,8.2,1.0
Tyrone Wallace,196.0,92.0,PG,30.0,9.7,3.5,2.4,44.5,25.0,78.2,46.6,10.1,0.7
C.J. Williams,196.0,102.0,SG,38.0,5.5,1.5,1.1,44.2,28.2,81.3,49.7,9.5,0.7
Channing Frye,211.0,115.0,PF,53.0,5.0,2.5,0.7,49.1,33.9,89.5,58.3,13.1,1.5
Isaiah Thomas,175.0,83.0,PG,32.0,15.2,2.1,4.8,37.3,29.3,89.3,43.8,12.6,0.2
Julius Randle,206.0,113.0,C,82.0,16.1,8.0,2.6,55.8,22.2,71.8,56.3,19.9,6.6
Brook Lopez,213.0,124.0,C,74.0,13.0,4.0,1.7,46.5,34.5,70.3,53.6,16.4,3.8
Luol Deng,206.0,99.0,PF,1.0,2.0,0.0,1.0,50.0,,,50.0,5.5,0.0
Ivica Zubac,216.0,120.0,C,43.0,3.7,2.8,0.6,50.0,0.0,76.5,50.0,15.3,1.0
Brandon Ingram,206.0,86.0,SF,59.0,16.1,5.3,3.9,47.0,39.0,68.1,49.7,13.8,2.8
Lonzo Ball,198.0,86.0,PG,52.0,10.2,6.9,7.2,36.0,30.5,45.1,44.0,12.5,2.0
Kyle Kuzma,206.0,99.0,PF,77.0,16.1,6.3,1.8,45.0,36.6,70.7,52.7,14.2,3.8
Josh Hart,196.0,94.0,SG,63.0,7.9,4.2,1.3,46.9,39.6,70.2,57.3,12.2,3.4
Kentavious Caldwell-Pope,196.0,92.0,SG,74.0,13.4,5.2,2.2,42.6,38.3,78.9,52.6,13.2,5.3
Tyler Ennis,190.0,87.0,PG,54.0,4.1,1.8,1.9,42.0,25.0,75.9,45.1,11.1,0.8
Thomas Bryant,208.0,112.0,C,15.0,1.5,1.1,0.4,38.1,10.0,55.6,40.5,9.9,0.1
Gary Payton II,190.0,86.0,PG,23.0,3.0,1.9,0.9,40.5,24.0,33.3,44.6,9.8,0.2
Travis Wear,208.0,104.0,SF,17.0,4.4,2.2,0.4,34.7,36.2,100.0,46.5,6.9,0.2
Andre Ingram,190.0,86.0,SG,2.0,12.0,3.0,3.5,47.1,55.6,100.0,61.8,16.3,0.2
Bruno Caboclo,206.0,98.0,SF,12.0,2.2,1.8,0.4,29.0,17.6,83.3,33.9,7.7,0.0
Willie Cauley-Stein,213.0,108.0,C,73.0,12.8,7.0,2.4,50.2,25.0,61.9,50.4,17.6,3.9
Iman Shumpert,196.0,99.0,SG,14.0,4.4,2.9,1.2,37.9,26.9,73.3,44.0,6.4,0.0
Kosta Koufos,213.0,120.0,C,71.0,6.7,6.6,1.2,57.1,,44.6,57.1,17.5,3.9
Garrett Temple,198.0,88.0,SF,65.0,8.4,2.3,1.9,41.8,39.2,76.9,51.2,10.2,1.2
Skal Labissiere,211.0,102.0,PF,60.0,8.7,4.8,1.2,44.8,35.3,80.5,46.7,14.3,1.4
Buddy Hield,193.0,97.0,SG,80.0,13.5,3.8,1.9,44.6,43.1,87.7,54.0,16.1,2.8
Harry Giles,208.0,108.0,PF,,,,,,,,,,
Justin Jackson,203.0,90.0,SF,68.0,6.7,2.8,1.1,44.2,30.8,72.2,51.0,9.2,1.0
Vince Carter,198.0,99.0,SF,58.0,5.4,2.6,1.2,40.3,34.5,75.7,50.4,10.8,1.2
Zach Randolph,206.0,117.0,C,59.0,14.5,6.7,2.2,47.3,34.7,78.5,50.7,17.3,1.5
De'Aaron Fox,190.0,77.0,PG,73.0,11.6,2.8,4.4,41.2,30.7,72.3,44.1,11.2,-0.6
Bogdan Bogdanovic,198.0,92.0,SG,78.0,11.8,2.9,3.3,44.6,39.2,84.0,52.9,13.5,2.9
Frank Mason III,183.0,85.0,PG,52.0,7.9,2.5,2.8,37.9,36.0,81.7,42.0,13.0,0.5
Jack Cooley,206.0,117.0,C,7.0,5.7,4.3,0.9,48.1,,73.7,48.1,19.7,0.3
JaKarr Sampson,206.0,97.0,SF,22.0,4.7,3.5,0.4,54.3,50.0,62.5,57.4,13.9,0.8
Nigel Hayes,203.0,115.0,SF,9.0,3.0,2.4,0.7,33.3,25.0,33.3,39.4,6.4,-0.1
Nerlens Noel,211.0,103.0,PF,30.0,4.4,5.6,0.7,52.4,0.0,75.0,52.4,16.2,1.3
Doug McDermott,203.0,102.0,SF,81.0,7.8,2.5,1.0,46.7,42.6,79.0,55.7,10.4,2.3
Wesley Matthews,196.0,99.0,SG,63.0,12.7,3.1,2.7,40.6,38.1,82.2,51.6,11.4,2.6
J.J. Barea,183.0,83.0,PG,69.0,11.6,2.9,6.3,43.9,36.7,78.4,52.2,17.8,3.3
Salah Mejri,216.0,111.0,C,61.0,3.5,4.0,0.6,64.2,0.0,57.6,64.2,17.8,2.7
Harrison Barnes,203.0,95.0,PF,77.0,18.9,6.1,2.0,44.5,35.7,82.7,49.4,15.8,3.8
Dwight Powell,211.0,108.0,C,79.0,8.5,5.6,1.2,59.3,33.3,71.9,62.6,18.8,6.6
Dorian Finney-Smith,203.0,99.0,PF,21.0,5.9,3.6,1.2,38.0,29.9,73.3,46.3,7.6,0.1
Seth Curry,188.0,83.0,PG,,,,,,,,,,
Yogi Ferrell,183.0,81.0,PG,82.0,10.2,3.0,2.5,42.6,37.3,79.6,51.8,11.4,3.0
Dennis Smith Jr.,190.0,88.0,PG,69.0,15.2,3.8,5.2,39.5,31.3,69.4,44.7,12.8,-0.7
Dirk Nowitzki,213.0,111.0,C,77.0,12.0,5.7,1.6,45.6,40.9,89.8,54.7,16.7,4.8
Maxi Kleber,208.0,99.0,PF,72.0,5.4,3.3,0.7,48.9,31.3,74.6,55.3,13.4,2.8
Johnathan Motley,206.0,107.0,PF,11.0,8.7,4.5,0.6,53.3,16.7,53.6,54.0,17.2,0.3
Jalen Jones,201.0,101.0,SF,16.0,4.6,2.4,0.3,38.2,38.5,63.2,45.6,10.3,0.1
Kyle Collinsworth,198.0,95.0,SF,32.0,3.2,3.3,1.8,38.4,23.5,52.5,40.4,10.0,0.5
Marc Gasol,216.0,115.0,C,73.0,17.2,8.1,4.2,42.0,34.1,83.4,47.3,17.4,4.0
Jarell Martin,208.0,108.0,PF,73.0,7.7,4.4,1.0,44.6,34.7,76.7,48.0,10.5,1.3
Chandler Parsons,208.0,104.0,SF,36.0,7.9,2.5,1.9,46.2,42.1,63.0,57.1,13.6,1.1
Andrew Harrison,198.0,96.0,PG,56.0,9.5,2.3,3.2,42.2,33.1,78.0,47.7,12.7,1.7
Mike Conley,185.0,79.0,PG,12.0,17.1,2.3,4.1,38.1,31.2,80.3,45.2,15.4,0.6
Deyonta Davis,211.0,107.0,C,62.0,5.8,4.0,0.6,60.8,,66.7,60.8,16.6,2.7
Ben McLemore,196.0,88.0,SG,56.0,7.5,2.5,0.9,42.1,34.6,82.8,49.5,9.7,0.5
Tyreke Evans,198.0,99.0,SG,52.0,19.4,5.1,5.2,45.2,39.9,78.5,52.3,21.1,4.2
Wayne Selden,196.0,104.0,SG,35.0,9.3,1.6,1.9,43.1,40.2,74.6,52.2,11.8,0.3
Mario Chalmers,188.0,86.0,PG,66.0,7.7,2.4,3.0,37.9,27.7,85.5,43.9,10.4,0.6
Dillon Brooks,198.0,99.0,SF,82.0,11.0,3.1,1.6,44.0,35.6,74.7,50.1,9.8,1.2
Ivan Rabb,208.0,99.0,PF,36.0,5.6,4.4,0.9,56.6,,80.6,56.6,16.6,1.2
JaMychal Green,206.0,102.0,PF,55.0,10.3,8.4,1.4,45.7,33.9,72.1,50.1,14.0,2.6
Kobi Simmons,196.0,75.0,PG,32.0,6.1,1.6,2.1,42.3,28.2,100.0,45.2,7.7,-0.2
Myke Henry,198.0,95.0,SF,20.0,5.4,1.9,1.1,37.6,32.8,60.0,46.3,9.7,0.1
Omari Johnson,206.0,99.0,PF,4.0,5.5,2.8,1.8,42.9,33.3,,52.4,10.5,0.1
MarShon Brooks,196.0,90.0,SG,7.0,20.1,3.1,3.6,50.0,59.4,87.0,59.3,26.3,0.7
Alex Len,216.0,117.0,C,69.0,8.5,7.5,1.2,56.6,33.3,68.4,56.7,19.4,4.5
T.J. Warren,203.0,104.0,SF,65.0,19.6,5.1,1.3,49.8,22.2,75.7,50.7,17.6,3.4
Elfrid Payton,193.0,83.0,PG,63.0,12.7,4.3,6.2,49.3,32.6,64.9,51.6,16.5,2.8
Devin Booker,198.0,93.0,SG,54.0,24.9,4.5,4.7,43.2,38.3,87.8,50.1,18.1,2.4
Tyson Chandler,216.0,108.0,C,46.0,6.5,9.1,1.2,64.7,,61.7,64.7,14.2,2.7
Brandon Knight,190.0,85.0,PG,,,,,,,,,,
Troy Daniels,193.0,92.0,SG,79.0,8.9,1.6,0.6,40.3,40.0,87.5,56.3,9.8,1.4
Jared Dudley,201.0,102.0,SF,48.0,3.2,2.0,1.6,39.3,36.3,77.1,51.2,8.8,0.8
Dragan Bender,216.0,102.0,PF,82.0,6.5,4.4,1.6,38.6,36.6,76.5,50.8,7.1,0.1
Marquese Chriss,208.0,105.0,PF,72.0,7.7,5.5,1.2,42.3,29.5,60.8,48.2,11.1,0.7
Tyler Ulis,178.0,68.0,PG,71.0,7.8,1.8,4.4,38.8,28.8,83.2,42.6,10.1,-0.2
Josh Jackson,203.0,93.0,SF,77.0,13.1,4.6,1.5,41.7,26.3,63.4,44.8,11.8,-0.7
Davon Reed,196.0,94.0,SG,21.0,3.0,1.9,0.6,28.9,28.9,66.7,36.2,4.8,-0.3
Alan Williams,203.0,117.0,C,5.0,4.0,4.4,1.6,38.9,,66.7,38.9,9.3,0.0
Alec Peters,206.0,105.0,PF,20.0,4.1,1.9,0.6,37.8,31.0,80.0,50.0,10.7,0.3
Danuel House,201.0,93.0,SG,23.0,6.6,3.3,1.1,43.4,25.9,80.6,49.2,12.4,0.6
Shaquille Harrison,193.0,86.0,PG,23.0,6.6,2.7,2.4,47.6,23.1,73.7,50.0,15.6,0.8
Lucas Nogueira,213.0,109.0,C,49.0,2.5,1.8,0.4,61.3,26.3,67.9,64.4,17.3,1.6
Jonas Valanciunas,213.0,120.0,C,77.0,12.7,8.6,1.1,56.8,40.5,80.6,59.0,22.5,7.6
Delon Wright,196.0,83.0,PG,69.0,8.0,2.9,2.9,46.5,36.6,82.9,53.0,16.5,4.5
Norman Powell,193.0,97.0,SG,70.0,5.5,1.7,1.3,40.1,28.5,82.1,47.2,8.5,0.6
Malachi Richardson,198.0,92.0,SG,26.0,3.4,1.3,0.5,33.3,30.0,77.3,40.0,5.9,-0.1
DeMar DeRozan,201.0,100.0,SG,80.0,23.0,3.9,5.2,45.6,31.2,82.5,48.8,21.0,9.6
Jakob Poeltl,213.0,112.0,C,82.0,6.9,4.8,0.7,65.9,50.0,59.4,66.0,17.5,5.6
Pascal Siakam,206.0,104.0,PF,81.0,7.3,4.5,2.0,50.8,22.0,62.1,53.7,14.5,4.7
Fred VanVleet,183.0,88.0,PG,76.0,8.6,2.4,3.2,42.6,41.4,83.2,52.5,15.9,4.7
OG Anunoby,203.0,105.0,SF,74.0,5.9,2.5,0.7,47.1,37.1,62.9,57.7,10.0,3.0
Alfonzo McKinnie,203.0,97.0,SF,14.0,1.5,0.5,0.1,53.3,33.3,66.7,63.3,10.1,0.1
C.J. Miles,198.0,102.0,SG,70.0,10.0,2.2,0.8,37.9,36.1,83.5,51.6,13.0,2.9
Kyle Lowry,183.0,92.0,PG,78.0,16.2,5.6,6.9,42.7,39.9,85.4,55.3,19.5,10.2
Serge Ibaka,208.0,106.0,PF,76.0,12.6,6.3,0.8,48.3,36.0,79.7,55.2,14.7,5.1
Lorenzo Brown,196.0,85.0,PG,14.0,2.3,1.1,0.9,41.2,16.7,100.0,44.1,8.2,0.2
Malcolm Miller,201.0,95.0,SF,15.0,2.5,1.0,0.2,46.4,38.1,100.0,60.7,8.9,0.2
Kyrie Irving,190.0,87.0,PG,60.0,24.4,3.8,5.1,49.1,40.8,88.9,56.8,25.0,8.9
Marcus Morris,206.0,106.0,SF,54.0,13.6,5.4,1.3,42.9,36.8,80.5,49.9,14.5,3.2
Marcus Smart,193.0,99.0,SG,54.0,10.2,3.5,4.8,36.7,30.1,72.9,44.0,10.8,1.9
Terry Rozier,188.0,86.0,PG,80.0,11.3,4.7,2.9,39.5,38.1,77.2,49.1,15.1,5.6
Al Horford,208.0,111.0,C,72.0,12.9,7.4,4.7,48.9,42.9,78.3,55.3,17.6,7.8
Jaylen Brown,201.0,102.0,SF,70.0,14.5,5.0,1.6,46.5,39.5,64.4,54.0,13.7,4.5
Jayson Tatum,203.0,92.0,SF,80.0,13.9,5.0,1.6,47.5,43.4,82.6,53.8,15.3,7.1
Gordon Hayward,203.0,102.0,SF,1.0,2.0,1.0,0.0,50.0,0.0,,50.0,7.3,0.0
Abdel Nader,198.0,104.0,SF,48.0,3.0,1.5,0.5,33.6,35.4,59.0,41.3,5.1,-0.1
Semi Ojeleye,201.0,109.0,PF,73.0,2.7,2.2,0.3,34.6,32.0,61.0,45.2,4.6,1.2
Aron Baynes,208.0,117.0,C,81.0,6.0,5.3,1.1,47.1,14.3,75.6,47.4,12.0,3.0
Guerschon Yabusele,201.0,117.0,PF,33.0,2.4,1.6,0.5,42.6,32.4,68.2,52.5,12.3,0.6
Daniel Theis,206.0,97.0,C,63.0,5.3,4.3,0.9,54.1,31.0,75.3,57.9,16.1,3.5
Shane Larkin,180.0,79.0,PG,54.0,4.3,1.7,1.8,38.4,36.0,86.5,45.4,10.4,1.4
Jabari Bird,198.0,89.0,SG,13.0,3.0,1.5,0.6,57.7,42.9,46.2,63.5,12.1,0.2
Kadeem Allen,190.0,87.0,PG,18.0,1.1,0.6,0.7,27.3,0.0,77.8,27.3,2.6,-0.1
Greg Monroe,211.0,120.0,PF,51.0,10.3,6.9,2.2,56.5,,73.9,56.5,21.2,3.4
Jonathan Gibson,188.0,83.0,PG,4.0,8.5,0.8,1.0,60.9,50.0,,73.9,25.4,0.2
Joel Embiid,213.0,113.0,C,63.0,22.9,11.0,3.2,48.3,30.8,76.9,51.4,22.9,6.2
Robert Covington,206.0,97.0,SF,80.0,12.6,5.4,2.0,41.3,36.9,85.3,53.4,12.9,6.1
Justin Anderson,198.0,103.0,SF,38.0,6.2,2.4,0.7,43.1,33.0,73.7,51.5,13.0,1.2
Richaun Holmes,208.0,111.0,C,48.0,6.5,4.4,1.3,56.0,12.9,66.1,56.8,17.4,2.8
Ben Simmons,208.0,104.0,PG,81.0,15.8,8.1,8.2,54.5,0.0,56.0,54.5,20.0,9.2
Timothe Luwawu-Cabarrot,198.0,92.0,SF,52.0,5.8,1.4,1.0,37.5,33.5,79.3,47.4,7.0,0.8
Dario Saric,208.0,101.0,PF,78.0,14.6,6.7,2.6,45.3,39.3,86.0,54.1,15.8,6.6
Jerryd Bayless,190.0,90.0,PG,39.0,7.9,2.1,1.4,41.6,37.0,79.5,51.9,7.5,1.1
T.J. McConnell,188.0,90.0,PG,76.0,6.3,3.0,4.0,49.9,43.5,79.5,53.1,12.5,3.8
Furkan Korkmaz,201.0,83.0,SG,14.0,1.6,0.8,0.3,28.6,29.4,50.0,37.5,3.4,0.0
Amir Johnson,206.0,108.0,SF,74.0,4.6,4.5,1.6,53.8,31.3,61.2,55.8,14.8,4.1
J.J. Redick,193.0,86.0,PG,70.0,17.1,2.5,3.0,46.0,42.0,90.4,56.9,15.9,6.6
Markelle Fultz,193.0,88.0,SG,14.0,7.1,3.1,3.8,40.5,0.0,47.6,40.5,12.4,0.2
Demetrius Jackson,185.0,91.0,PG,15.0,1.1,0.8,0.6,38.9,14.3,50.0,41.7,5.4,-0.1
Marco Belinelli,196.0,95.0,SF,80.0,12.1,1.9,1.9,44.2,37.7,90.8,53.9,14.1,3.7
Ersan Ilyasova,208.0,106.0,PF,69.0,10.9,5.9,1.3,45.2,36.0,77.8,52.6,14.9,4.0
Rodney Hood,203.0,93.0,SG,60.0,14.7,2.8,1.6,42.9,38.1,86.0,51.3,14.3,2.7
Larry Nance Jr.,206.0,104.0,PF,66.0,8.7,6.8,1.2,58.1,16.7,66.4,58.4,20.2,5.8
Kevin Love,208.0,113.0,C,59.0,17.6,9.3,1.7,45.8,41.5,88.0,55.2,22.4,6.4
Tristan Thompson,206.0,107.0,PF,53.0,5.8,6.6,0.6,56.2,,54.4,56.2,13.6,2.5
Jordan Clarkson,196.0,87.0,PG,81.0,13.9,2.7,2.7,45.1,35.2,80.0,50.9,16.4,3.0
LeBron James,203.0,113.0,SG,82.0,27.5,8.6,9.1,54.2,36.7,73.1,59.0,28.6,14.0
J.R. Smith,198.0,102.0,SF,80.0,8.3,2.9,1.8,40.3,37.5,69.6,52.4,8.5,1.4
Ante Zizic,211.0,113.0,C,32.0,3.7,1.9,0.2,73.1,,72.4,73.1,24.2,1.0
Jose Calderon,190.0,90.0,SG,57.0,4.5,1.5,2.1,50.3,46.4,80.0,62.4,11.3,1.8
George Hill,190.0,85.0,PG,67.0,10.0,2.7,2.8,46.0,41.5,78.6,54.3,13.3,3.2
Jeff Green,206.0,106.0,SF,78.0,10.8,3.2,1.3,47.7,31.2,86.8,52.0,14.8,3.9
Kyle Korver,201.0,96.0,PF,73.0,9.2,2.3,1.2,45.9,43.6,88.9,62.8,13.4,3.4
Cedi Osman,203.0,95.0,SF,61.0,3.9,2.0,0.7,48.4,36.8,56.5,57.0,11.0,0.9
London Perrantes,188.0,90.0,PG,14.0,0.5,0.3,0.4,15.4,0.0,60.0,15.4,0.7,-0.1
John Holland,196.0,92.0,SF,24.0,2.3,1.0,0.2,28.8,30.6,69.2,38.1,5.9,-0.2
Okaro White,203.0,92.0,PF,6.0,3.3,1.8,0.3,43.8,36.4,66.7,56.3,8.9,0.2
Kendrick Perkins,208.0,122.0,C,1.0,3.0,1.0,2.0,50.0,,50.0,50.0,8.4,0.0
Victor Oladipo,193.0,95.0,SG,75.0,23.1,5.2,4.3,47.7,37.1,79.9,53.7,23.1,8.3
Myles Turner,211.0,110.0,C,65.0,12.7,6.4,1.3,47.9,35.7,77.7,52.3,16.6,4.7
Thaddeus Young,203.0,100.0,PF,81.0,11.8,6.3,1.9,48.7,32.0,59.8,52.1,14.8,5.5
Cory Joseph,190.0,87.0,PG,82.0,7.9,3.2,3.2,42.4,35.3,74.5,47.9,10.9,3.1
Glenn Robinson III,198.0,100.0,SF,23.0,4.1,1.6,0.7,42.4,41.2,81.8,50.6,10.8,0.6
Joe Young,188.0,81.0,PG,53.0,3.9,1.2,0.7,43.0,37.9,75.9,49.7,10.1,0.5
Al Jefferson,208.0,131.0,C,36.0,7.0,4.0,0.8,53.4,0.0,83.3,53.4,20.2,1.6
Domantas Sabonis,211.0,108.0,C,74.0,11.6,7.7,2.0,51.4,35.1,75.0,52.4,17.5,4.7
Lance Stephenson,196.0,104.0,SG,82.0,9.2,5.2,2.9,42.7,28.9,66.1,47.5,12.4,1.8
T.J. Leaf,208.0,100.0,PF,53.0,2.9,1.5,0.2,47.1,42.9,62.5,53.7,10.7,0.8
Bojan Bogdanovic,203.0,97.0,SF,80.0,14.3,3.4,1.5,47.4,40.2,86.8,56.5,13.9,5.4
Ike Anigbogu,208.0,114.0,C,11.0,1.2,0.8,0.0,44.4,,83.3,44.4,21.6,0.1
Darren Collison,183.0,79.0,PG,69.0,12.4,2.6,5.3,49.5,46.8,88.2,57.1,18.8,7.6
Alex Poythress,201.0,107.0,PF,25.0,1.0,0.7,0.1,42.3,36.4,,50.0,7.8,0.1
Edmond Sumner,198.0,79.0,PG,1.0,2.0,1.0,0.0,100.0,,,100.0,39.8,0.0
Ben Moore,201.0,92.0,PF,2.0,0.0,0.5,0.5,,,,,-2.3,0.0
Trevor Booker,203.0,103.0,PF,68.0,6.3,4.7,1.2,51.6,24.2,71.0,52.8,14.9,2.9
Justise Winslow,201.0,102.0,SF,68.0,7.8,5.4,2.2,42.4,38.0,63.5,47.4,11.5,2.6
Goran Dragic,190.0,86.0,PG,75.0,17.3,4.1,4.8,45.0,37.0,80.1,50.2,16.6,5.3
Josh Richardson,198.0,90.0,SG,81.0,12.9,3.5,2.9,45.1,37.8,84.5,52.3,13.6,5.4
Tyler Johnson,193.0,84.0,PG,72.0,11.7,3.4,2.3,43.5,36.7,82.2,51.8,13.0,4.2
Hassan Whiteside,213.0,120.0,C,54.0,14.0,11.4,1.0,54.0,100.0,70.3,54.2,24.1,5.3
Wayne Ellington,193.0,90.0,SG,77.0,11.2,2.8,1.0,40.7,39.2,85.9,56.9,12.5,4.5
Rodney McGruder,193.0,92.0,SG,18.0,5.1,1.8,0.9,49.3,42.9,50.0,59.6,12.0,0.8
Bam Adebayo,208.0,110.0,C,69.0,6.9,5.5,1.5,51.2,0.0,72.1,51.2,15.7,4.2
Udonis Haslem,203.0,106.0,PF,14.0,0.6,0.7,0.4,20.0,12.5,50.0,23.3,1.8,-0.1
James Johnson,206.0,113.0,PF,73.0,10.8,4.9,3.8,50.3,30.8,69.8,55.0,15.8,4.9
Dion Waiters,193.0,102.0,SG,30.0,14.3,2.6,3.8,39.8,30.6,73.9,46.1,10.5,0.1
Kelly Olynyk,213.0,107.0,PF,76.0,11.5,5.7,2.7,49.7,37.9,77.0,58.0,17.8,5.5
Luke Babbitt,206.0,102.0,SF,50.0,5.2,1.9,0.6,42.3,38.5,77.3,56.3,9.8,0.9
Jordan Mickey,203.0,106.0,PF,23.0,4.0,3.6,0.4,47.6,12.5,68.4,48.8,10.6,0.3
Dwyane Wade,193.0,99.0,PG,67.0,11.4,3.8,3.4,43.8,28.8,71.4,46.2,15.0,1.1
Derrick Walton,185.0,85.0,PG,16.0,1.8,1.0,1.0,32.0,41.2,100.0,46.0,11.2,0.4
Derrick Jones,201.0,86.0,SF,20.0,3.1,1.9,0.5,39.6,16.7,66.7,42.5,10.1,0.4
Eric Bledsoe,185.0,92.0,PG,74.0,17.7,3.8,5.0,47.3,34.7,79.2,53.6,19.7,5.6
John Henson,211.0,103.0,PF,76.0,8.8,6.8,1.5,57.2,14.3,57.0,57.3,15.7,4.9
Giannis Antetokounmpo,211.0,100.0,PF,75.0,26.9,10.0,4.8,52.9,30.7,76.0,54.5,27.3,11.9
Jabari Parker,203.0,113.0,PF,31.0,12.6,4.9,1.9,48.2,38.3,74.1,52.9,17.1,1.2
Khris Middleton,203.0,106.0,SF,82.0,20.1,5.2,4.0,46.6,35.9,88.4,52.4,17.4,6.9
Matthew Dellavedova,193.0,89.0,PG,38.0,4.3,1.7,3.8,36.2,37.2,92.6,45.7,8.6,0.5
Thon Maker,216.0,97.0,C,74.0,4.8,3.0,0.6,41.1,29.8,69.9,46.0,10.2,1.5
Malcolm Brogdon,196.0,97.0,SG,48.0,13.0,3.3,3.2,48.5,38.5,88.2,54.7,14.3,2.7
D.J. Wilson,208.0,106.0,PF,22.0,1.0,0.5,0.1,56.3,40.0,50.0,62.5,10.3,0.1
Sterling Brown,196.0,102.0,SG,54.0,4.0,2.6,0.5,40.0,35.2,87.5,47.8,9.1,0.7
Tony Snell,201.0,90.0,SF,75.0,6.9,1.9,1.3,43.5,40.3,79.2,56.2,8.5,2.4
Tyler Zeller,213.0,114.0,C,66.0,6.7,4.6,0.7,56.0,35.7,72.2,57.5,16.0,2.9
Jason Terry,188.0,83.0,SG,51.0,3.3,0.9,1.2,38.3,34.8,88.9,51.3,8.1,0.7
Xavier Munford,188.0,81.0,SG,6.0,0.5,0.2,0.7,16.7,0.0,50.0,16.7,-2.1,-0.1
Marshall Plumlee,213.0,113.0,C,8.0,1.8,2.1,0.3,33.3,,75.0,33.3,10.9,0.2
Shabazz Muhammad,198.0,101.0,SF,43.0,5.0,1.8,0.3,44.7,25.9,78.0,46.5,15.4,0.7
Brandon Jennings,185.0,77.0,PG,14.0,5.2,2.2,3.1,37.5,27.3,100.0,43.8,12.7,0.1
Marcin Gortat,211.0,108.0,PF,82.0,8.4,7.6,1.8,51.8,,67.5,51.8,14.7,4.9
Markieff Morris,208.0,111.0,PF,73.0,11.5,5.6,1.9,48.0,36.7,82.0,53.6,13.2,3.3
John Wall,193.0,88.0,PG,41.0,19.4,3.7,9.6,42.0,37.1,72.6,46.6,19.1,2.7
Kelly Oubre Jr.,201.0,92.0,SF,81.0,11.8,4.5,1.2,40.3,34.1,82.0,48.2,11.9,3.7
Chris McCullough,211.0,90.0,PF,19.0,2.4,1.3,0.2,42.9,12.5,64.3,44.0,15.8,0.2
Ian Mahinmi,211.0,113.0,C,77.0,4.8,4.1,0.7,55.6,0.0,70.3,55.6,12.2,2.2
Jason Smith,213.0,111.0,C,33.0,3.4,1.6,0.4,39.1,12.5,90.5,40.9,8.8,0.0
Tomas Satoransky,201.0,95.0,SG,73.0,7.2,3.2,3.9,52.3,46.5,78.1,58.5,15.3,5.0
Tim Frazier,185.0,77.0,PG,59.0,3.0,1.9,3.3,39.5,30.4,76.7,44.5,11.3,1.4
Bradley Beal,196.0,93.0,SG,82.0,22.6,4.4,4.5,46.0,37.5,79.3,52.7,18.4,6.9
Otto Porter,203.0,89.0,SF,77.0,14.7,6.4,2.0,50.3,44.1,82.8,58.1,18.3,8.1
Mike Scott,203.0,107.0,PF,76.0,8.8,3.3,1.1,52.7,40.5,65.8,59.0,13.6,2.5
Jodie Meeks,193.0,95.0,SG,77.0,6.3,1.6,0.9,39.9,34.3,86.3,49.1,12.4,2.0
Devin Robinson,203.0,86.0,SF,1.0,2.0,5.0,0.0,33.3,,,33.3,10.5,0.0
Ramon Sessions,190.0,86.0,PG,28.0,4.9,1.4,2.8,35.9,30.8,77.2,39.3,11.2,0.3
Ty Lawson,180.0,88.0,PG,,,,,,,,,,
Stanley Johnson,201.0,111.0,SF,69.0,8.7,3.7,1.6,37.5,28.6,77.2,43.5,9.0,1.8
Reggie Jackson,190.0,94.0,PG,45.0,14.6,2.8,5.3,42.6,30.8,83.6,47.1,15.9,2.0
Jon Leuer,208.0,103.0,PF,8.0,5.4,4.0,0.6,41.7,0.0,86.7,41.7,8.9,0.1
Ish Smith,183.0,79.0,PG,82.0,10.9,2.7,4.4,48.6,34.7,69.8,50.7,15.4,4.4
Andre Drummond,211.0,126.0,C,78.0,15.0,16.0,3.0,52.9,0.0,60.5,52.9,22.9,10.3
James Ennis,201.0,95.0,SF,72.0,7.1,3.1,1.0,47.4,33.3,83.6,54.0,11.6,3.1
Henry Ellenson,211.0,111.0,PF,38.0,4.0,2.1,0.5,36.3,33.3,86.2,43.2,10.5,0.1
Luke Kennard,198.0,93.0,SG,73.0,7.6,2.4,1.7,44.3,41.5,85.5,53.0,12.1,2.6
Langston Galloway,188.0,90.0,PG,58.0,6.2,1.6,1.0,37.1,34.4,80.5,48.1,12.2,1.4
Eric Moreland,208.0,107.0,PF,67.0,2.1,4.1,1.2,54.1,,37.9,54.1,13.9,2.3
Reggie Bullock,201.0,92.0,SF,62.0,11.3,2.5,1.5,48.9,44.5,79.6,60.3,13.6,4.2
Anthony Tolliver,203.0,108.0,PF,79.0,8.9,3.1,1.1,46.4,43.6,79.7,63.2,13.9,5.3
Blake Griffin,208.0,113.0,PF,58.0,21.4,7.4,5.8,43.8,34.5,78.5,49.3,19.6,4.9
Dwight Buycks,190.0,86.0,PG,29.0,7.4,1.4,2.0,41.4,33.3,87.8,45.2,12.8,0.2
Jameer Nelson,183.0,86.0,PG,50.0,4.9,2.1,3.6,38.9,33.1,80.0,47.3,8.1,0.6
Reggie Hearn,196.0,95.0,SG,3.0,1.0,0.0,0.0,50.0,50.0,,75.0,13.1,0.0
Kay Felder,175.0,79.0,PG,16.0,3.6,1.1,1.3,30.0,21.1,91.7,32.9,3.6,-0.5
Michael Kidd-Gilchrist,201.0,105.0,SF,74.0,9.2,4.1,1.0,50.4,0.0,68.4,50.4,12.5,3.2
Kemba Walker,185.0,78.0,PG,80.0,22.1,3.1,5.6,43.1,38.4,86.4,51.6,20.6,8.5
Cody Zeller,213.0,108.0,C,33.0,7.1,5.4,0.9,54.5,66.7,71.8,55.1,15.9,1.9
Jeremy Lamb,196.0,83.0,SG,80.0,12.9,4.1,2.3,45.7,37.0,86.1,51.3,17.0,4.9
Frank Kaminsky,213.0,109.0,PF,79.0,11.1,3.6,1.6,42.9,38.0,79.9,50.1,14.4,3.6
Nicolas Batum,203.0,90.0,SF,64.0,11.6,4.8,5.5,41.5,33.6,83.1,48.6,14.4,3.5
Marvin Williams,206.0,107.0,SF,78.0,9.5,4.7,1.2,45.8,41.3,82.9,57.0,13.9,5.0
Dwight Howard,211.0,120.0,PF,81.0,16.6,12.5,1.3,55.5,14.3,57.4,55.6,20.5,6.8
Willy Hernangomez,211.0,108.0,C,48.0,5.1,3.8,0.7,55.5,41.7,65.6,57.0,21.2,1.8
Treveon Graham,198.0,99.0,SG,63.0,4.3,1.9,0.9,43.4,41.2,69.5,52.5,9.0,1.8
Malik Monk,190.0,90.0,SG,63.0,6.7,1.0,1.4,36.0,34.2,84.2,45.8,10.3,0.0
Michael Carter-Williams,198.0,86.0,PG,52.0,4.6,2.7,2.2,33.2,23.7,82.0,36.2,10.8,0.9
Dwayne Bacon,198.0,100.0,SG,53.0,3.3,2.3,0.7,37.5,25.6,80.0,40.4,5.8,-0.1
Julyan Stone,198.0,90.0,SG,23.0,0.8,1.3,1.1,46.2,46.2,50.0,69.2,7.6,0.3
Marcus Paige,185.0,79.0,PG,5.0,2.4,0.8,0.6,28.6,25.0,100.0,35.7,9.1,0.0
Mangok Mathiang,208.0,104.0,C,4.0,2.0,2.5,0.0,57.1,,0.0,57.1,18.0,0.1
Kristaps Porzingis,221.0,108.0,PF,48.0,22.7,6.6,1.2,43.9,39.5,79.3,48.9,20.4,3.2
Emmanuel Mudiay,196.0,90.0,PG,64.0,8.6,2.4,3.2,38.8,31.8,76.0,43.3,11.5,0.0
Kyle O'Quinn,208.0,113.0,C,77.0,7.1,6.1,2.1,58.2,23.5,77.2,58.7,19.9,4.8
Enes Kanter,211.0,111.0,C,71.0,14.1,11.0,1.5,59.2,0.0,84.8,59.2,24.0,7.6
Joakim Noah,211.0,104.0,C,7.0,1.7,2.0,0.6,50.0,,50.0,50.0,15.6,0.1
Courtney Lee,196.0,90.0,SG,76.0,12.0,2.9,2.4,45.4,40.6,91.9,52.9,13.0,3.9
Lance Thomas,203.0,106.0,SF,73.0,4.1,2.4,0.6,38.2,40.3,83.0,47.6,6.3,0.9
Frank Ntilikina,196.0,86.0,PG,78.0,5.9,2.3,3.2,36.4,31.8,72.1,41.4,7.1,-0.9
Tim Hardaway,198.0,92.0,SG,57.0,17.5,3.9,2.7,42.1,31.7,81.6,49.6,14.4,2.6
Ron Baker,193.0,99.0,SG,29.0,2.4,1.0,1.6,33.9,33.3,76.9,43.2,9.3,0.5
Damyean Dotson,198.0,92.0,SG,44.0,4.1,1.9,0.7,44.7,32.4,69.6,51.6,11.6,0.6
Michael Beasley,206.0,106.0,PF,74.0,13.2,5.6,1.7,50.7,39.5,78.0,52.8,17.8,2.4
Jarrett Jack,190.0,90.0,SG,62.0,7.5,3.1,5.6,42.7,29.1,84.0,45.5,11.5,1.2
Luke Kornet,216.0,113.0,PF,20.0,6.7,3.2,1.3,39.2,35.4,72.7,50.4,13.6,0.5
Isaiah Hicks,206.0,105.0,PF,18.0,4.4,2.3,0.9,45.8,22.2,66.7,47.2,6.8,0.0
Trey Burke,185.0,86.0,PG,36.0,12.8,2.0,4.7,50.3,36.2,64.9,55.2,21.0,2.4
Troy Williams,201.0,98.0,SF,21.0,6.3,3.0,0.8,46.8,28.9,66.7,51.8,15.1,0.5
Nik Stauskas,198.0,92.0,SG,41.0,4.4,1.6,1.0,39.0,40.0,72.4,51.9,9.0,0.3
D'Angelo Russell,196.0,88.0,PG,48.0,15.5,3.9,5.2,41.4,32.4,74.0,48.1,15.2,0.4
Jahlil Okafor,211.0,124.0,C,28.0,6.3,3.0,0.4,55.8,25.0,72.4,56.2,15.3,0.6
Rondae Hollis-Jefferson,201.0,99.0,SF,68.0,13.9,6.8,2.5,47.2,24.1,78.8,48.1,16.9,4.1
DeMarre Carroll,203.0,97.0,PF,73.0,13.5,6.6,2.0,41.4,37.1,76.4,50.6,14.3,4.1
Jeremy Lin,190.0,90.0,PG,1.0,18.0,0.0,4.0,41.7,50.0,100.0,45.8,15.9,0.0
Timofey Mozgov,216.0,124.0,C,31.0,4.2,3.2,0.4,55.9,22.2,76.7,58.1,12.3,0.4
Allen Crabbe,198.0,95.0,SG,75.0,13.2,4.3,1.6,40.7,37.8,85.2,52.9,12.3,3.2
Isaiah Whitehead,193.0,96.0,PG,16.0,6.3,1.6,1.3,46.5,38.9,68.4,50.6,11.5,-0.1
Caris LeVert,201.0,92.0,SF,71.0,12.1,3.7,4.2,43.5,34.7,71.1,49.3,14.3,2.3
Joe Harris,198.0,99.0,SG,78.0,10.8,3.3,1.6,49.1,41.9,82.7,61.2,13.3,4.0
Spencer Dinwiddie,198.0,90.0,PG,80.0,12.6,3.2,6.6,38.7,32.6,81.3,47.1,15.9,5.7
Quincy Acy,201.0,108.0,PF,70.0,5.9,3.7,0.8,35.6,34.9,81.7,49.6,8.2,1.0
Jarrett Allen,208.0,106.0,C,72.0,8.2,5.4,0.7,58.9,33.3,77.6,59.6,17.5,4.2
Dante Cunningham,203.0,104.0,PF,73.0,5.7,4.1,0.7,45.1,34.5,59.6,53.0,10.0,2.4
Jacob Wiley,201.0,97.0,PF,5.0,0.8,2.2,0.4,25.0,50.0,50.0,37.5,8.2,0.1
Milton Doyle,193.0,83.0,SG,10.0,3.4,1.8,1.0,27.7,17.4,50.0,31.9,5.2,-0.1
James Webb,206.0,91.0,SF,10.0,1.6,2.4,0.4,25.0,21.1,,33.3,2.2,-0.1
Noah Vonleh,208.0,108.0,PF,54.0,4.9,5.8,0.6,44.4,30.3,62.1,48.7,12.8,1.6
Zach LaVine,196.0,85.0,SG,24.0,16.7,3.9,3.0,38.3,34.1,81.3,44.2,14.6,0.3
Cameron Payne,190.0,83.0,PG,25.0,8.8,2.8,4.5,40.5,38.5,75.0,48.6,14.0,0.8
Jerian Grant,193.0,88.0,PG,74.0,8.4,2.3,4.6,41.5,32.4,74.5,47.5,14.3,3.3
Bobby Portis,211.0,104.0,PF,73.0,13.2,6.8,1.7,47.1,35.9,76.9,52.0,19.7,3.5
Omer Asik,213.0,115.0,C,18.0,1.2,2.6,0.2,40.9,,30.8,40.9,3.1,-0.1
Robin Lopez,213.0,115.0,C,64.0,11.8,4.5,1.9,53.0,28.6,75.6,53.3,14.7,1.9
Denzel Valentine,198.0,96.0,SG,77.0,10.2,5.1,3.2,41.7,38.6,74.5,51.7,12.1,2.5
Paul Zipser,203.0,97.0,SF,54.0,4.0,2.4,0.9,34.6,33.6,73.1,42.5,5.2,-0.6
Kris Dunn,193.0,95.0,PG,52.0,13.4,4.3,6.0,42.9,32.1,73.0,46.2,14.5,0.8
David Nwaba,193.0,94.0,SG,70.0,7.9,4.7,1.5,47.8,34.6,65.5,49.9,12.2,2.4
Lauri Markkanen,213.0,104.0,PF,68.0,15.2,7.5,1.2,43.4,36.2,84.3,51.8,15.6,3.3
Cristiano Felicio,208.0,124.0,C,55.0,5.6,4.2,1.0,59.1,0.0,66.7,59.1,12.5,1.7
Justin Holiday,198.0,83.0,SG,72.0,12.2,4.0,2.1,37.1,35.9,82.3,47.4,10.8,1.7
Ryan Arcidiacono,190.0,85.0,PG,24.0,2.0,1.0,1.5,41.5,29.0,83.3,52.4,7.3,0.3
Antonio Blakeney,193.0,89.0,SG,19.0,7.9,1.7,1.1,37.1,28.8,76.9,42.3,10.1,0.0
Sean Kilpatrick,193.0,95.0,SG,52.0,6.3,1.7,0.9,37.4,31.9,88.9,45.2,11.6,0.1
Nikola Vucevic,213.0,117.0,C,57.0,16.5,9.2,3.4,47.5,31.4,81.9,51.3,19.7,3.6
Terrence Ross,201.0,93.0,SG,24.0,8.7,3.0,1.6,39.8,32.3,75.0,47.6,9.9,0.3
Aaron Gordon,206.0,99.0,PF,58.0,17.6,7.9,2.3,43.4,33.6,69.8,50.0,16.5,2.9
Mario Hezonja,203.0,97.0,SF,75.0,9.6,3.7,1.4,44.2,33.7,81.9,51.5,13.7,2.3
Bismack Biyombo,206.0,115.0,C,82.0,5.7,5.7,0.8,52.0,0.0,65.0,52.0,14.1,2.9
D.J. Augustin,183.0,83.0,PG,75.0,10.2,2.1,3.8,45.2,41.9,86.8,55.7,15.4,4.1
Evan Fournier,201.0,92.0,SG,57.0,17.8,3.2,2.9,45.9,37.9,86.7,53.8,15.5,3.3
Jonathan Isaac,208.0,95.0,PF,27.0,5.4,3.7,0.7,37.9,34.8,76.0,43.4,9.8,0.2
Jonathon Simmons,198.0,88.0,SG,69.0,13.9,3.5,2.5,46.5,33.8,76.8,51.1,12.7,1.9
Wesley Iwundu,201.0,87.0,SF,62.0,3.7,2.2,0.9,42.7,19.6,72.3,44.7,7.8,0.7
Marreese Speights,208.0,115.0,PF,52.0,7.7,2.6,0.8,39.5,36.9,72.7,51.9,13.7,0.6
Arron Afflalo,196.0,95.0,SF,53.0,3.4,1.2,0.6,40.1,38.6,84.6,48.5,5.8,0.1
Khem Birch,206.0,99.0,C,42.0,4.2,4.3,0.8,54.0,,68.9,54.0,16.4,1.8
Shelvin Mack,190.0,92.0,SG,69.0,6.9,2.4,3.9,43.0,34.5,71.1,48.8,13.3,2.0
Jamel Artis,201.0,96.0,SG,15.0,5.1,2.5,1.2,39.2,27.6,58.3,44.3,6.9,0.0
Rodney Purvis,193.0,92.0,SG,16.0,6.0,1.7,1.1,32.7,25.0,86.7,38.8,4.5,-0.3
Dennis Schroder,185.0,78.0,PG,67.0,19.4,3.1,6.2,43.6,29.0,84.9,46.9,17.3,2.6
Kent Bazemore,196.0,91.0,SG,65.0,12.9,3.8,3.5,42.0,39.4,79.6,50.0,14.5,2.2
Malcolm Delaney,190.0,86.0,PG,54.0,6.3,1.9,3.0,38.2,37.1,80.4,46.3,10.6,1.0
Taurean Prince,203.0,99.0,SF,82.0,14.1,4.7,2.6,42.6,38.5,84.4,51.6,12.8,2.0
DeAndre' Bembry,198.0,95.0,SF,26.0,5.2,2.8,1.9,41.4,36.7,57.6,45.7,7.6,-0.4
Miles Plumlee,211.0,112.0,C,55.0,4.3,4.1,0.8,58.3,,45.0,58.3,10.6,0.9
John Collins,208.0,106.0,PF,74.0,10.5,7.3,1.3,57.6,34.0,71.5,59.1,18.3,5.4
Tyler Dorsey,196.0,83.0,SG,56.0,7.2,2.3,1.4,37.6,36.0,71.4,47.0,10.0,0.4
Dewayne Dedmon,213.0,111.0,C,62.0,10.0,7.9,1.5,52.4,35.5,77.9,57.7,15.8,3.7
Mike Muscala,211.0,108.0,C,53.0,7.6,4.3,1.0,45.8,37.1,91.9,55.8,14.4,2.4
Isaiah Taylor,190.0,77.0,PG,67.0,6.6,1.4,3.1,41.8,25.0,70.2,44.4,10.9,0.6
Tyler Cavanaugh,206.0,108.0,PF,39.0,4.7,3.3,0.7,44.1,36.0,81.0,54.6,13.0,1.2
Andrew White,201.0,95.0,SF,15.0,4.6,2.3,0.4,34.2,36.7,25.0,46.6,5.8,-0.1
Antonius Cleveland,198.0,88.0,SG,17.0,1.4,0.8,0.1,38.1,75.0,66.7,45.2,4.5,0.0
Jaylen Morris,196.0,83.0,SG,6.0,4.7,2.7,1.2,41.9,22.2,,45.2,6.9,-0.1
Damion Lee,198.0,95.0,SG,15.0,10.7,4.7,1.9,40.8,25.0,75.9,45.7,12.0,0.4
